mapping_contract_version,source_dataset,university,faculty_school,department,academic_field,mapping_status,broad_mapping_status,subcategory_mapping_status,merge_mode,group_code,subcategory_code,membership_order,review_note
0.3,kokkoritsu,お茶の水女子大学,共創工学部,人間環境工学科,工学・環境,single,single,single,additive,environment,environmental_engineering,1,Human-reviewed exact program-context mapping; exact tuple match only.
0.3,kokkoritsu,お茶の水女子大学,共創工学部,文化情報工学科,文化・情報,single,single,single,additive,information,computer_science,1,Human-reviewed exact program-context mapping; exact tuple match only.
0.3,kokkoritsu,お茶の水女子大学,文教育学部,芸術・表現行動学科 音楽表現専修プログラム,音楽・芸術,single,single,single,additive,arts_design,fine_arts_crafts,1,Human-reviewed exact program-context mapping; exact tuple match only.
0.3,kokkoritsu,お茶の水女子大学,文教育学部,言語文化学科,人文・社会,multi,multi,multi,additive,humanities_culture_history,culture,1,Human-reviewed exact program-context mapping; exact tuple match only.
0.3,kokkoritsu,お茶の水女子大学,文教育学部,言語文化学科,人文・社会,multi,multi,multi,additive,languages,foreign_languages,2,Human-reviewed exact program-context mapping; exact tuple match only.
0.3,kokkoritsu,お茶の水女子大学,理学部,化学科,理学,single,single,single,additive,natural_sciences,chemistry,1,Human-reviewed exact program-context mapping; exact tuple match only.
0.3,kokkoritsu,お茶の水女子大学,理学部,数学科,理学,single,single,single,additive,natural_sciences,mathematics_statistics,1,Human-reviewed exact program-context mapping; exact tuple match only.
0.3,kokkoritsu,お茶の水女子大学,理学部,物理学科,理学,single,single,single,additive,natural_sciences,physics,1,Human-reviewed exact program-context mapping; exact tuple match only.
0.3,kokkoritsu,お茶の水女子大学,理学部,生物学科,理学,single,single,single,additive,natural_sciences,biology,1,Human-reviewed exact program-context mapping; exact tuple match only.
0.3,kokkoritsu,お茶の水女子大学,生活科学部,食物栄養学科,食品・生命,single,single,single,additive,food_nutrition,nutrition,1,Human-reviewed exact program-context mapping; exact tuple match only.
0.3,kokkoritsu,一橋大学,商学部,経営学科・商学科,商・経営,multi,single,multi,authoritative,business_commerce,management,1,Human-reviewed exact context membership; final set replaces raw-level membership for this tuple.
0.3,kokkoritsu,一橋大学,商学部,経営学科・商学科,商・経営,multi,single,multi,authoritative,business_commerce,commerce,2,Human-reviewed exact context membership; final set replaces raw-level membership for this tuple.
0.3,kokkoritsu,三重大学,人文学部,文化学科,人文,single,single,single,additive,humanities_culture_history,culture,1,Human-reviewed exact program-context mapping; exact tuple match only.
0.3,kokkoritsu,三重大学,人文学部,法律経済学科,社会,multi,multi,multi,additive,law_politics_policy,law,1,Human-reviewed exact program-context mapping; exact tuple match only.
0.3,kokkoritsu,三重大学,人文学部,法律経済学科,社会,multi,multi,multi,additive,economics,economics_general,2,Human-reviewed exact program-context mapping; exact tuple match only.
0.3,kokkoritsu,三重大学,工学部,総合工学科 応用化学コース,工学,single,single,single,additive,engineering,chemical_engineering,1,Human-reviewed exact program-context mapping; exact tuple match only.
0.3,kokkoritsu,三重大学,工学部,総合工学科 機械工学コース,工学,single,single,single,additive,engineering,mechanical,1,Human-reviewed exact program-context mapping; exact tuple match only.
0.3,kokkoritsu,三重大学,工学部,総合工学科 電子情報工学コース,工学,multi,multi,multi,additive,engineering,electrical_electronic,1,Human-reviewed exact program-context mapping; exact tuple match only.
0.3,kokkoritsu,三重大学,工学部,総合工学科 電子情報工学コース,工学,multi,multi,multi,additive,information,computer_science,2,Human-reviewed exact program-context mapping; exact tuple match only.
0.3,kokkoritsu,三重大学,工学部,総合工学科 電気電子工学コース,工学,single,single,single,additive,engineering,electrical_electronic,1,Human-reviewed exact program-context mapping; exact tuple match only.
0.3,kokkoritsu,三重大学,生物資源学部,生物資源学科 海洋生物資源学コース,農学・生命,single,single,single,additive,agriculture_fisheries,fisheries_marine,1,Human-reviewed exact program-context mapping; exact tuple match only.
0.3,kokkoritsu,九州大学,医学部,保健学科 放射線技術科学専攻,医療技術,single,single,single,additive,nursing_health,radiological_technology,1,Human-reviewed exact program-context mapping; exact tuple match only.
0.3,kokkoritsu,九州大学,工学部,化学工学科,工学,single,single,single,additive,engineering,chemical_engineering,1,Human-reviewed exact program-context mapping; exact tuple match only.
0.3,kokkoritsu,九州大学,工学部,土木工学科,工学,single,single,single,additive,engineering,civil_infrastructure,1,Human-reviewed exact program-context mapping; exact tuple match only.
0.3,kokkoritsu,九州大学,工学部,応用化学科,工学,single,single,single,additive,engineering,chemical_engineering,1,Human-reviewed exact program-context mapping; exact tuple match only.
0.3,kokkoritsu,九州大学,工学部,材料工学科,工学,single,single,single,additive,engineering,materials,1,Human-reviewed exact program-context mapping; exact tuple match only.
0.3,kokkoritsu,九州大学,工学部,機械工学科,工学,single,single,single,additive,engineering,mechanical,1,Human-reviewed exact program-context mapping; exact tuple match only.
0.3,kokkoritsu,九州大学,工学部,融合基礎工学科 機械電気コース,工学,multi,single,multi,additive,engineering,mechanical,1,Human-reviewed exact program-context mapping; exact tuple match only.
0.3,kokkoritsu,九州大学,工学部,融合基礎工学科 機械電気コース,工学,multi,single,multi,additive,engineering,electrical_electronic,2,Human-reviewed exact program-context mapping; exact tuple match only.
0.3,kokkoritsu,九州大学,工学部,融合基礎工学科 物質材料コース,工学,single,single,single,additive,engineering,materials,1,Human-reviewed exact program-context mapping; exact tuple match only.
0.3,kokkoritsu,九州大学,工学部,電気情報工学科,工学,multi,multi,multi,additive,engineering,electrical_electronic,1,Human-reviewed exact program-context mapping; exact tuple match only.
0.3,kokkoritsu,九州大学,工学部,電気情報工学科,工学,multi,multi,multi,additive,information,computer_science,2,Human-reviewed exact program-context mapping; exact tuple match only.
0.3,kokkoritsu,九州大学,教育学部,教育学部,教育・国際,multi,multi,single,authoritative,international_regional,international_studies,1,Human-reviewed exact context membership; final set replaces raw-level membership for this tuple.
0.3,kokkoritsu,九州大学,教育学部,教育学部,教育・国際,multi,multi,single,authoritative,education_childcare,,2,Human-reviewed exact context membership; final set replaces raw-level membership for this tuple.
0.3,kokkoritsu,九州大学,理学部,化学科,理学,single,single,single,additive,natural_sciences,chemistry,1,Human-reviewed exact program-context mapping; exact tuple match only.
0.3,kokkoritsu,九州大学,理学部,地球惑星科学科,地球科学,single,single,single,authoritative,natural_sciences,earth_space_science,1,Human-reviewed exact context membership; final set replaces raw-level membership for this tuple.
0.3,kokkoritsu,九州大学,理学部,地球惑星科学科,理学,single,single,single,additive,natural_sciences,earth_space_science,1,Human-reviewed exact program-context mapping; exact tuple match only.
0.3,kokkoritsu,九州大学,理学部,物理学科,理学,single,single,single,additive,natural_sciences,physics,1,Human-reviewed exact program-context mapping; exact tuple match only.
0.3,kokkoritsu,九州大学,理学部,生物学科,理学,single,single,single,additive,natural_sciences,biology,1,Human-reviewed exact program-context mapping; exact tuple match only.
0.3,kokkoritsu,九州大学,経済学部,経済工学科,経済・工学,single,single,not_applicable,authoritative,economics,,1,Human-reviewed exact context membership; final set replaces raw-level membership for this tuple.
0.3,kokkoritsu,九州大学,芸術工学部,芸術工学科 インダストリアルデザインコース,芸術・デザイン,single,single,single,additive,arts_design,fine_arts_crafts,1,Human-reviewed exact program-context mapping; exact tuple match only.
0.3,kokkoritsu,九州大学,芸術工学部,芸術工学科 メディアデザインコース,芸術・デザイン,single,single,single,additive,arts_design,fine_arts_crafts,1,Human-reviewed exact program-context mapping; exact tuple match only.
0.3,kokkoritsu,九州大学,芸術工学部,芸術工学科 未来構想デザインコース,芸術・デザイン,single,single,single,additive,arts_design,fine_arts_crafts,1,Human-reviewed exact program-context mapping; exact tuple match only.
0.3,kokkoritsu,九州大学,芸術工学部,芸術工学科 環境設計コース,芸術・デザイン,single,single,single,additive,arts_design,fine_arts_crafts,1,Human-reviewed exact program-context mapping; exact tuple match only.
0.3,kokkoritsu,九州大学,芸術工学部,芸術工学科 音響設計コース,芸術・デザイン,single,single,single,additive,arts_design,fine_arts_crafts,1,Human-reviewed exact program-context mapping; exact tuple match only.
0.3,kokkoritsu,九州工業大学,工学部,機械類,工学,single,single,single,additive,engineering,mechanical,1,Human-reviewed exact program-context mapping; exact tuple match only.
0.3,kokkoritsu,九州工業大学,工学部,物質理工学類,工学,single,single,single,additive,engineering,materials,1,Human-reviewed exact program-context mapping; exact tuple match only.
0.3,kokkoritsu,九州工業大学,工学部,電気類,工学,single,single,single,additive,engineering,electrical_electronic,1,Human-reviewed exact program-context mapping; exact tuple match only.
0.3,kokkoritsu,九州工業大学,情報工学部,電子情報通信類,情報,single,single,single,additive,information,networks_communications,1,Human-reviewed exact program-context mapping; exact tuple match only.
0.3,kokkoritsu,京都大学,医学部人間健康科学科,先端リハビリテーション科学コース（先端作業療法学）,医療・リハビリ,single,single,single,additive,nursing_health,occupational_therapy,1,Human-reviewed exact program-context mapping; exact tuple match only.
0.3,kokkoritsu,京都大学,医学部人間健康科学科,先端リハビリテーション科学コース（先端理学療法学）,医療・リハビリ,single,single,single,additive,nursing_health,physical_therapy,1,Human-reviewed exact program-context mapping; exact tuple match only.
0.3,kokkoritsu,京都大学,理学部,化学入試,理学,single,single,single,additive,natural_sciences,chemistry,1,Human-reviewed exact program-context mapping; exact tuple match only.
0.3,kokkoritsu,京都大学,理学部,宇宙・地球惑星科学入試（女性募集枠）,理学,single,single,single,additive,natural_sciences,earth_space_science,1,Human-reviewed exact program-context mapping; exact tuple match only.
0.3,kokkoritsu,京都大学,理学部,数理科学入試,理学,single,single,single,additive,natural_sciences,mathematics_statistics,1,Human-reviewed exact program-context mapping; exact tuple match only.
0.3,kokkoritsu,京都大学,理学部,物理学・数学入試（女性募集枠）,理学,multi,single,multi,additive,natural_sciences,mathematics_statistics,1,Human-reviewed exact program-context mapping; exact tuple match only.
0.3,kokkoritsu,京都大学,理学部,物理学・数学入試（女性募集枠）,理学,multi,single,multi,additive,natural_sciences,physics,2,Human-reviewed exact program-context mapping; exact tuple match only.
0.3,kokkoritsu,京都大学,理学部,生物科学入試,理学,single,single,single,additive,natural_sciences,biology,1,Human-reviewed exact program-context mapping; exact tuple match only.
0.3,kokkoritsu,京都大学,薬学部,薬科学科・薬学科,薬学,multi,single,multi,additive,pharmacy,pharmacy_six_year,1,Human-reviewed exact program-context mapping; exact tuple match only.
0.3,kokkoritsu,京都大学,薬学部,薬科学科・薬学科,薬学,multi,single,multi,additive,pharmacy,pharmaceutical_science_drug_discovery,2,Human-reviewed exact program-context mapping; exact tuple match only.
0.3,kokkoritsu,京都大学,農学部,地域環境工学科,農学・環境,single,single,single,additive,environment,environmental_engineering,1,Human-reviewed exact program-context mapping; exact tuple match only.
0.3,kokkoritsu,京都大学,農学部,森林科学科,農学・環境,multi,multi,multi,additive,environment,ecology_forestry,1,Human-reviewed exact program-context mapping; exact tuple match only.
0.3,kokkoritsu,京都大学,農学部,森林科学科,農学・環境,multi,multi,multi,additive,agriculture_fisheries,forestry_resources,2,Human-reviewed exact program-context mapping; exact tuple match only.
0.3,kokkoritsu,京都大学,農学部,食料・環境経済学科,農学・社会,single,single,single,additive,economics,economics_general,1,Human-reviewed exact program-context mapping; exact tuple match only.
0.3,kokkoritsu,京都工芸繊維大学,工芸科学部,デザイン・建築学課程（デザインコース）,工学・デザイン,single,single,single,additive,arts_design,fine_arts_crafts,1,Human-reviewed exact program-context mapping; exact tuple match only.
0.3,kokkoritsu,京都工芸繊維大学,工芸科学部,応用化学課程,工学・生命科学,single,single,single,additive,engineering,chemical_engineering,1,Human-reviewed exact program-context mapping; exact tuple match only.
0.3,kokkoritsu,京都工芸繊維大学,工芸科学部,機械工学課程,工学,single,single,single,additive,engineering,mechanical,1,Human-reviewed exact program-context mapping; exact tuple match only.
0.3,kokkoritsu,京都工芸繊維大学,工芸科学部,電子システム工学課程,工学,single,single,single,additive,engineering,electrical_electronic,1,Human-reviewed exact program-context mapping; exact tuple match only.
0.3,kokkoritsu,京都府立大学,文学部,日本・中国文化学科,人文・社会,single,single,single,additive,humanities_culture_history,culture,1,Human-reviewed exact program-context mapping; exact tuple match only.
0.3,kokkoritsu,京都府立大学,文学部,歴史学科,人文・社会,single,single,single,additive,humanities_culture_history,history_folklore,1,Human-reviewed exact program-context mapping; exact tuple match only.
0.3,kokkoritsu,京都府立大学,生命理工情報学部,生命化学科,理工・生命,single,single,single,additive,natural_sciences,chemistry,1,Human-reviewed exact program-context mapping; exact tuple match only.
0.3,kokkoritsu,京都府立大学,社会科学部,公共政策学科,人文・社会,single,single,single,additive,law_politics_policy,public_policy_administration,1,Human-reviewed exact program-context mapping; exact tuple match only.
0.3,kokkoritsu,京都府立大学,社会科学部,福祉社会学科,人文・社会,multi,multi,single,additive,sociology_community,sociology,1,Human-reviewed exact program-context mapping; exact tuple match only.
0.3,kokkoritsu,京都府立大学,社会科学部,福祉社会学科,人文・社会,multi,multi,single,additive,welfare,,2,Human-reviewed exact program-context mapping; exact tuple match only.
0.3,kokkoritsu,佐賀大学,理工学部,理工学科 化学分野 化学コース,理学,single,single,single,additive,natural_sciences,chemistry,1,Human-reviewed exact program-context mapping; exact tuple match only.
0.3,kokkoritsu,佐賀大学,理工学部,理工学科 情報分野（データサイエンスコース／知能情報システムコース）,情報,multi,single,multi,additive,information,data_science_statistics,1,Human-reviewed exact program-context mapping; exact tuple match only.
0.3,kokkoritsu,佐賀大学,理工学部,理工学科 情報分野（データサイエンスコース／知能情報システムコース）,情報,multi,single,multi,additive,information,software_systems,2,Human-reviewed exact program-context mapping; exact tuple match only.
0.3,kokkoritsu,佐賀大学,理工学部,理工学科 情報分野（データサイエンス／知能情報システム）,情報,multi,single,multi,additive,information,data_science_statistics,1,Human-reviewed exact program-context mapping; exact tuple match only.
0.3,kokkoritsu,佐賀大学,理工学部,理工学科 情報分野（データサイエンス／知能情報システム）,情報,multi,single,multi,additive,information,software_systems,2,Human-reviewed exact program-context mapping; exact tuple match only.
0.3,kokkoritsu,佐賀大学,理工学部,理工学科 数理分野 数理サイエンスコース,理学,single,single,single,additive,natural_sciences,mathematics_statistics,1,Human-reviewed exact program-context mapping; exact tuple match only.
0.3,kokkoritsu,佐賀大学,理工学部,理工学科 機械工学分野 機械工学コース,工学,single,single,single,additive,engineering,mechanical,1,Human-reviewed exact program-context mapping; exact tuple match only.
0.3,kokkoritsu,佐賀大学,理工学部,理工学科 物理学分野 物理学コース,理学,single,single,single,additive,natural_sciences,physics,1,Human-reviewed exact program-context mapping; exact tuple match only.
0.3,kokkoritsu,佐賀大学,理工学部,理工学科 電気電子工学分野 電気電子工学コース,工学,single,single,single,additive,engineering,electrical_electronic,1,Human-reviewed exact program-context mapping; exact tuple match only.
0.3,kokkoritsu,佐賀大学,芸術地域デザイン学部,芸術地域デザイン学科 地域デザインコース,芸術・デザイン,single,single,single,additive,arts_design,fine_arts_crafts,1,Human-reviewed exact program-context mapping; exact tuple match only.
0.3,kokkoritsu,佐賀大学,芸術地域デザイン学部,芸術地域デザイン学科 芸術表現コース 有田セラミック分野,芸術・デザイン,single,single,single,additive,arts_design,fine_arts_crafts,1,Human-reviewed exact program-context mapping; exact tuple match only.
0.3,kokkoritsu,佐賀大学,芸術地域デザイン学部,芸術地域デザイン学科 芸術表現コース 美術・工芸分野,芸術・デザイン,single,single,single,additive,arts_design,fine_arts_crafts,1,Human-reviewed exact program-context mapping; exact tuple match only.
0.3,kokkoritsu,信州大学,医学部,保健学科 作業療法学専攻,看護・保健,single,single,single,additive,nursing_health,occupational_therapy,1,Human-reviewed exact program-context mapping; exact tuple match only.
0.3,kokkoritsu,信州大学,医学部,保健学科 理学療法学専攻,看護・保健,single,single,single,additive,nursing_health,physical_therapy,1,Human-reviewed exact program-context mapping; exact tuple match only.
0.3,kokkoritsu,信州大学,工学部,応用化学コース,工学,single,single,single,additive,engineering,chemical_engineering,1,Human-reviewed exact program-context mapping; exact tuple match only.
0.3,kokkoritsu,信州大学,工学部,機械物理コース,工学,single,single,single,additive,engineering,mechanical,1,Human-reviewed exact program-context mapping; exact tuple match only.
0.3,kokkoritsu,信州大学,工学部,水環境・土木コース,工学,single,single,single,additive,engineering,civil_infrastructure,1,Human-reviewed exact program-context mapping; exact tuple match only.
0.3,kokkoritsu,信州大学,工学部,環境・エネルギー材料コース,工学,multi,single,multi,additive,engineering,materials,1,Human-reviewed exact program-context mapping; exact tuple match only.
0.3,kokkoritsu,信州大学,工学部,環境・エネルギー材料コース,工学,multi,single,multi,additive,engineering,nuclear_energy,2,Human-reviewed exact program-context mapping; exact tuple match only.
0.3,kokkoritsu,信州大学,工学部,知能機械コース,工学,single,single,single,additive,engineering,mechanical,1,Human-reviewed exact program-context mapping; exact tuple match only.
0.3,kokkoritsu,信州大学,工学部,電気電子コース,工学,single,single,single,additive,engineering,electrical_electronic,1,Human-reviewed exact program-context mapping; exact tuple match only.
0.3,kokkoritsu,信州大学,理学部,理学科 化学コース,理学,single,single,single,additive,natural_sciences,chemistry,1,Human-reviewed exact program-context mapping; exact tuple match only.
0.3,kokkoritsu,信州大学,理学部,理学科 地球学コース,理学,single,single,single,additive,natural_sciences,earth_space_science,1,Human-reviewed exact program-context mapping; exact tuple match only.
0.3,kokkoritsu,信州大学,理学部,理学科 数学コース,理学,single,single,single,additive,natural_sciences,mathematics_statistics,1,Human-reviewed exact program-context mapping; exact tuple match only.
0.3,kokkoritsu,信州大学,理学部,理学科 物理学コース,理学,single,single,single,additive,natural_sciences,physics,1,Human-reviewed exact program-context mapping; exact tuple match only.
0.3,kokkoritsu,信州大学,理学部,理学科 生物学コース,理学,single,single,single,additive,natural_sciences,biology,1,Human-reviewed exact program-context mapping; exact tuple match only.
0.3,kokkoritsu,信州大学,繊維学部,化学・材料学科,工学・生命科学,single,single,single,additive,engineering,materials,1,Human-reviewed exact program-context mapping; exact tuple match only.
0.3,kokkoritsu,信州大学,繊維学部,機械・ロボット学科,工学・生命科学,multi,single,multi,additive,engineering,mechanical,1,Human-reviewed exact program-context mapping; exact tuple match only.
0.3,kokkoritsu,信州大学,繊維学部,機械・ロボット学科,工学・生命科学,multi,single,multi,additive,engineering,robotics_control,2,Human-reviewed exact program-context mapping; exact tuple match only.
0.3,kokkoritsu,信州大学,農学部,山岳圏森林・環境共生学コース,農学・生命科学,single,single,single,additive,agriculture_fisheries,forestry_resources,1,Human-reviewed exact program-context mapping; exact tuple match only.
0.3,kokkoritsu,公立小松大学,保健医療学部,臨床工学科,医療技術,single,single,single,additive,nursing_health,clinical_engineering,1,Human-reviewed exact program-context mapping; exact tuple match only.
0.3,kokkoritsu,公立諏訪東京理科大学,工学部,機械電気工学科,工学,multi,single,multi,additive,engineering,mechanical,1,Human-reviewed exact program-context mapping; exact tuple match only.
0.3,kokkoritsu,公立諏訪東京理科大学,工学部,機械電気工学科,工学,multi,single,multi,additive,engineering,electrical_electronic,2,Human-reviewed exact program-context mapping; exact tuple match only.
0.3,kokkoritsu,兵庫県立大学,国際商経学部,国際商経学科（グローバルビジネスコース）,経済・経営・国際,single,single,single,additive,international_regional,global_studies,1,Human-reviewed exact program-context mapping; exact tuple match only.
0.3,kokkoritsu,前橋工科大学,工学部,建築・都市・環境工学群 土木・環境プログラム,工学,multi,multi,multi,additive,engineering,civil_infrastructure,1,Human-reviewed exact program-context mapping; exact tuple match only.
0.3,kokkoritsu,前橋工科大学,工学部,建築・都市・環境工学群 土木・環境プログラム,工学,multi,multi,multi,additive,environment,environmental_engineering,2,Human-reviewed exact program-context mapping; exact tuple match only.
0.3,kokkoritsu,前橋工科大学,工学部,情報・生命工学群,情報・生命,single,single,single,additive,life_sciences,biotechnology,1,Human-reviewed exact program-context mapping; exact tuple match only.
0.3,kokkoritsu,前橋工科大学,工学部,情報・生命工学群 医工学プログラム,工学,single,single,single,additive,engineering,biomedical_engineering,1,Human-reviewed exact program-context mapping; exact tuple match only.
0.3,kokkoritsu,前橋工科大学,工学部,情報・生命工学群 情報システムプログラム,情報,single,single,single,additive,information,software_systems,1,Human-reviewed exact program-context mapping; exact tuple match only.
0.3,kokkoritsu,前橋工科大学,工学部,情報・生命工学群 生物応用プログラム,農学・生命,single,single,single,additive,life_sciences,biotechnology,1,Human-reviewed exact program-context mapping; exact tuple match only.
0.3,kokkoritsu,北九州市立大学,国際環境工学部,機械システム工学科,工学,single,single,single,additive,engineering,mechanical,1,Human-reviewed exact program-context mapping; exact tuple match only.
0.3,kokkoritsu,北九州市立大学,国際環境工学部,生命工学科,工学・生命科学,single,single,single,additive,life_sciences,biotechnology,1,Human-reviewed exact program-context mapping; exact tuple match only.
0.3,kokkoritsu,北九州市立大学,文学部,人間関係学科,人文・社会,single,single,not_applicable,additive,sociology_community,,1,Human-reviewed exact program-context mapping; exact tuple match only.
0.3,kokkoritsu,北九州市立大学,文学部,比較文化学科,人文,single,single,single,additive,humanities_culture_history,culture,1,Human-reviewed exact program-context mapping; exact tuple match only.
0.3,kokkoritsu,北九州市立大学,法学部,政策科学科,法学,single,single,single,additive,law_politics_policy,public_policy_administration,1,Human-reviewed exact program-context mapping; exact tuple match only.
0.3,kokkoritsu,北海道大学,医学部保健学科,作業療法学専攻,医療,single,single,single,additive,nursing_health,occupational_therapy,1,Human-reviewed exact program-context mapping; exact tuple match only.
0.3,kokkoritsu,北海道大学,医学部保健学科,放射線技術科学専攻,医療,single,single,single,additive,nursing_health,radiological_technology,1,Human-reviewed exact program-context mapping; exact tuple match only.
0.3,kokkoritsu,北海道大学,医学部保健学科,理学療法学専攻,医療,single,single,single,additive,nursing_health,physical_therapy,1,Human-reviewed exact program-context mapping; exact tuple match only.
0.3,kokkoritsu,北海道大学,医学部保健学科,看護学専攻,医療,single,single,single,additive,nursing_health,nursing,1,Human-reviewed exact program-context mapping; exact tuple match only.
0.3,kokkoritsu,北海道大学,工学部機械知能工学科,,工学,single,single,single,additive,engineering,mechanical,1,Human-reviewed exact program-context mapping; exact tuple match only.
0.3,kokkoritsu,北海道大学,工学部環境社会工学科,社会基盤学コース,工学,single,single,single,additive,engineering,civil_infrastructure,1,Human-reviewed exact program-context mapping; exact tuple match only.
0.3,kokkoritsu,北海道大学,水産学部,,農獣医,single,single,single,additive,agriculture_fisheries,fisheries_marine,1,Human-reviewed exact program-context mapping; exact tuple match only.
0.3,kokkoritsu,北海道大学,理学部,化学科,理学,single,single,single,additive,natural_sciences,chemistry,1,Human-reviewed exact program-context mapping; exact tuple match only.
0.3,kokkoritsu,北海道大学,理学部,地球惑星科学科,地球科学,single,single,single,authoritative,natural_sciences,earth_space_science,1,Human-reviewed exact context membership; final set replaces raw-level membership for this tuple.
0.3,kokkoritsu,北海道大学,理学部,地球惑星科学科,理学,single,single,single,additive,natural_sciences,earth_space_science,1,Human-reviewed exact program-context mapping; exact tuple match only.
0.3,kokkoritsu,北海道大学,理学部,数学科,理学,single,single,single,additive,natural_sciences,mathematics_statistics,1,Human-reviewed exact program-context mapping; exact tuple match only.
0.3,kokkoritsu,北海道大学,理学部,物理学科,理学,single,single,single,additive,natural_sciences,physics,1,Human-reviewed exact program-context mapping; exact tuple match only.
0.3,kokkoritsu,北海道大学,理学部,生物科学科（高分子機能学）,理学,single,single,single,additive,natural_sciences,biology,1,Human-reviewed exact program-context mapping; exact tuple match only.
0.3,kokkoritsu,北見工業大学,工学部,先進工学科 データサイエンスユニット,情報,single,single,single,additive,information,data_science_statistics,1,Human-reviewed exact program-context mapping; exact tuple match only.
0.3,kokkoritsu,北見工業大学,工学部,先進工学科 情報工学・宇宙理学ユニット,情報・理学,multi,multi,multi,additive,natural_sciences,earth_space_science,1,Human-reviewed exact program-context mapping; exact tuple match only.
0.3,kokkoritsu,北見工業大学,工学部,先進工学科 情報工学・宇宙理学ユニット,情報・理学,multi,multi,multi,additive,information,computer_science,2,Human-reviewed exact program-context mapping; exact tuple match only.
0.3,kokkoritsu,千葉大学,先進科学プログラム（飛び入学）,物理学先進クラス,理学,single,single,single,additive,natural_sciences,physics,1,Human-reviewed exact program-context mapping; exact tuple match only.
0.3,kokkoritsu,千葉大学,先進科学プログラム（飛び入学）,物質科学先進クラス,工学,single,single,single,additive,engineering,materials,1,Human-reviewed exact program-context mapping; exact tuple match only.
0.3,kokkoritsu,千葉大学,園芸学部,食料資源経済学科,農学・社会,single,single,single,additive,economics,economics_general,1,Human-reviewed exact program-context mapping; exact tuple match only.
0.3,kokkoritsu,千葉大学,工学部,総合工学科 物質科学コース,工学,single,single,single,additive,engineering,materials,1,Human-reviewed exact program-context mapping; exact tuple match only.
0.3,kokkoritsu,千葉大学,文学部,人文学科 国際言語文化学コース,人文,multi,multi,multi,additive,humanities_culture_history,culture,1,Human-reviewed exact program-context mapping; exact tuple match only.
0.3,kokkoritsu,千葉大学,文学部,人文学科 国際言語文化学コース,人文,multi,multi,multi,additive,languages,foreign_languages,2,Human-reviewed exact program-context mapping; exact tuple match only.
0.3,kokkoritsu,千葉大学,文学部,人文学科 歴史学コース,人文,single,single,single,additive,humanities_culture_history,history_folklore,1,Human-reviewed exact program-context mapping; exact tuple match only.
0.3,kokkoritsu,千葉大学,文学部,人文学科 行動科学コース,人文,single,single,single,additive,psychology,psychology_general,1,Human-reviewed exact program-context mapping; exact tuple match only.
0.3,kokkoritsu,千葉大学,法政経学部,法政経学科 経済学コース,社会,single,single,single,additive,economics,economics_general,1,Human-reviewed exact program-context mapping; exact tuple match only.
0.3,kokkoritsu,千葉大学,理学部,地球科学科,理学,single,single,single,additive,natural_sciences,earth_space_science,1,Human-reviewed exact program-context mapping; exact tuple match only.
0.3,kokkoritsu,千葉大学,理学部,物理学科,理学,single,single,single,additive,natural_sciences,physics,1,Human-reviewed exact program-context mapping; exact tuple match only.
0.3,kokkoritsu,千葉大学,薬学部,薬学科（6年制）,医歯薬,single,single,single,additive,pharmacy,pharmacy_six_year,1,Human-reviewed exact program-context mapping; exact tuple match only.
0.3,kokkoritsu,千葉県立保健医療大学,健康科学部,リハビリテーション学科 作業療法学専攻,医療技術,single,single,single,additive,nursing_health,occupational_therapy,1,Human-reviewed exact program-context mapping; exact tuple match only.
0.3,kokkoritsu,千葉県立保健医療大学,健康科学部,リハビリテーション学科 理学療法学専攻,医療技術,single,single,single,additive,nursing_health,physical_therapy,1,Human-reviewed exact program-context mapping; exact tuple match only.
0.3,kokkoritsu,名古屋大学,医学部,保健学科 作業療法学専攻,医療,single,single,single,additive,nursing_health,occupational_therapy,1,Human-reviewed exact program-context mapping; exact tuple match only.
0.3,kokkoritsu,名古屋大学,医学部,保健学科 放射線技術科学専攻,医療,single,single,single,additive,nursing_health,radiological_technology,1,Human-reviewed exact program-context mapping; exact tuple match only.
0.3,kokkoritsu,名古屋大学,医学部,保健学科 理学療法学専攻,医療,single,single,single,additive,nursing_health,physical_therapy,1,Human-reviewed exact program-context mapping; exact tuple match only.
0.3,kokkoritsu,名古屋大学,工学部,エネルギー理工学科,工学,single,single,single,additive,engineering,nuclear_energy,1,Human-reviewed exact program-context mapping; exact tuple match only.
0.3,kokkoritsu,名古屋大学,工学部,機械・航空宇宙工学科,工学,multi,single,multi,additive,engineering,mechanical,1,Human-reviewed exact program-context mapping; exact tuple match only.
0.3,kokkoritsu,名古屋大学,工学部,機械・航空宇宙工学科,工学,multi,single,multi,additive,engineering,aerospace,2,Human-reviewed exact program-context mapping; exact tuple match only.
0.3,kokkoritsu,名古屋大学,工学部,環境土木・建築学科,工学,multi,multi,multi,additive,engineering,civil_infrastructure,1,Human-reviewed exact program-context mapping; exact tuple match only.
0.3,kokkoritsu,名古屋大学,工学部,環境土木・建築学科,工学,multi,multi,multi,additive,architecture_urban,architecture,2,Human-reviewed exact program-context mapping; exact tuple match only.
0.3,kokkoritsu,名古屋大学,工学部,電気電子情報工学科,工学,multi,multi,multi,additive,engineering,electrical_electronic,1,Human-reviewed exact program-context mapping; exact tuple match only.
0.3,kokkoritsu,名古屋大学,工学部,電気電子情報工学科,工学,multi,multi,multi,additive,information,computer_science,2,Human-reviewed exact program-context mapping; exact tuple match only.
0.3,kokkoritsu,名古屋大学,法学部,,社会,single,single,single,additive,law_politics_policy,law,1,Human-reviewed exact program-context mapping; exact tuple match only.
0.3,kokkoritsu,名古屋大学,理学部,化学科,理学,single,single,single,additive,natural_sciences,chemistry,1,Human-reviewed exact program-context mapping; exact tuple match only.
0.3,kokkoritsu,名古屋大学,理学部,地球惑星科学科,理学,single,single,single,additive,natural_sciences,earth_space_science,1,Human-reviewed exact program-context mapping; exact tuple match only.
0.3,kokkoritsu,名古屋大学,理学部,数理学科,理学,single,single,single,additive,natural_sciences,mathematics_statistics,1,Human-reviewed exact program-context mapping; exact tuple match only.
0.3,kokkoritsu,名古屋大学,理学部,物理学科,理学,single,single,single,additive,natural_sciences,physics,1,Human-reviewed exact program-context mapping; exact tuple match only.
0.3,kokkoritsu,名古屋大学,理学部,生命理学科,理学,single,single,single,additive,natural_sciences,biology,1,Human-reviewed exact program-context mapping; exact tuple match only.
0.3,kokkoritsu,名古屋工業大学,工学部,創造工学教育課程 材料・エネルギーコース,工学,multi,single,multi,additive,engineering,materials,1,Human-reviewed exact program-context mapping; exact tuple match only.
0.3,kokkoritsu,名古屋工業大学,工学部,創造工学教育課程 材料・エネルギーコース,工学,multi,single,multi,additive,engineering,nuclear_energy,2,Human-reviewed exact program-context mapping; exact tuple match only.
0.3,kokkoritsu,名古屋工業大学,工学部,基幹工学教育課程（夜間主） 電気・機械工学コース,工学,multi,single,multi,additive,engineering,mechanical,1,Human-reviewed exact program-context mapping; exact tuple match only.
0.3,kokkoritsu,名古屋工業大学,工学部,基幹工学教育課程（夜間主） 電気・機械工学コース,工学,multi,single,multi,additive,engineering,electrical_electronic,2,Human-reviewed exact program-context mapping; exact tuple match only.
0.3,kokkoritsu,名古屋工業大学,工学部,高度工学教育課程 生命・応用化学科,工学,single,single,single,additive,engineering,chemical_engineering,1,Human-reviewed exact program-context mapping; exact tuple match only.
0.3,kokkoritsu,名古屋工業大学,工学部,高度工学教育課程 電気・機械工学科,工学,multi,single,multi,additive,engineering,mechanical,1,Human-reviewed exact program-context mapping; exact tuple match only.
0.3,kokkoritsu,名古屋工業大学,工学部,高度工学教育課程 電気・機械工学科,工学,multi,single,multi,additive,engineering,electrical_electronic,2,Human-reviewed exact program-context mapping; exact tuple match only.
0.3,kokkoritsu,名古屋市立大学,人文社会学部,国際文化学科,国際・人文,single,single,single,additive,humanities_culture_history,culture,1,Human-reviewed exact program-context mapping; exact tuple match only.
0.3,kokkoritsu,名古屋市立大学,人文社会学部,現代社会学科,社会,single,single,single,additive,sociology_community,sociology,1,Human-reviewed exact program-context mapping; exact tuple match only.
0.3,kokkoritsu,名古屋市立大学,医学部,保健医療学科リハビリテーション学専攻 作業療法学コース,医療,single,single,single,additive,nursing_health,occupational_therapy,1,Human-reviewed exact program-context mapping; exact tuple match only.
0.3,kokkoritsu,名古屋市立大学,医学部,保健医療学科リハビリテーション学専攻 理学療法学コース,医療,single,single,single,additive,nursing_health,physical_therapy,1,Human-reviewed exact program-context mapping; exact tuple match only.
0.3,kokkoritsu,名古屋市立大学,薬学部,生命薬科学科,生命科学・薬学,single,single,single,additive,pharmacy,pharmaceutical_science_drug_discovery,1,Human-reviewed exact program-context mapping; exact tuple match only.
0.3,kokkoritsu,名古屋市立大学,薬学部,薬学科,薬学,single,single,single,additive,pharmacy,pharmacy_six_year,1,Human-reviewed exact program-context mapping; exact tuple match only.
0.3,kokkoritsu,和歌山県立医科大学,薬学部,薬学科,薬学,single,single,single,additive,pharmacy,pharmacy_six_year,1,Human-reviewed exact program-context mapping; exact tuple match only.
0.3,kokkoritsu,埼玉大学,工学部,情報工学科,情報・理工,single,single,single,additive,information,computer_science,1,Human-reviewed exact program-context mapping; exact tuple match only.
0.3,kokkoritsu,埼玉大学,工学部,機械工学・システムデザイン学科,工学,single,single,single,additive,engineering,mechanical,1,Human-reviewed exact program-context mapping; exact tuple match only.
0.3,kokkoritsu,埼玉大学,工学部,電気電子物理工学科,工学,single,single,single,additive,engineering,electrical_electronic,1,Human-reviewed exact program-context mapping; exact tuple match only.
0.3,kokkoritsu,埼玉大学,理学部,分子生物学科,理学,single,single,single,additive,natural_sciences,biology,1,Human-reviewed exact program-context mapping; exact tuple match only.
0.3,kokkoritsu,埼玉大学,理学部,基礎化学科,理学,single,single,single,additive,natural_sciences,chemistry,1,Human-reviewed exact program-context mapping; exact tuple match only.
0.3,kokkoritsu,埼玉大学,経済学部,経済学科（昼間コース）,人文・社会,single,single,single,additive,economics,economics_general,1,Human-reviewed exact program-context mapping; exact tuple match only.
0.3,kokkoritsu,埼玉県立大学,保健医療福祉学部,作業療法学科,医療技術,single,single,single,additive,nursing_health,occupational_therapy,1,Human-reviewed exact program-context mapping; exact tuple match only.
0.3,kokkoritsu,埼玉県立大学,保健医療福祉学部,理学療法学科,医療技術,single,single,single,additive,nursing_health,physical_therapy,1,Human-reviewed exact program-context mapping; exact tuple match only.
0.3,kokkoritsu,大分大学,理工学部,理工学科 機械工学プログラム,工学,single,single,single,additive,engineering,mechanical,1,Human-reviewed exact program-context mapping; exact tuple match only.
0.3,kokkoritsu,大分大学,理工学部,理工学科 生命・物質化学プログラム,理学,multi,single,multi,additive,natural_sciences,chemistry,1,Human-reviewed exact program-context mapping; exact tuple match only.
0.3,kokkoritsu,大分大学,理工学部,理工学科 生命・物質化学プログラム,理学,multi,single,multi,additive,natural_sciences,biology,2,Human-reviewed exact program-context mapping; exact tuple match only.
0.3,kokkoritsu,大分大学,理工学部,理工学科 知能情報システムプログラム,情報,single,single,single,additive,information,software_systems,1,Human-reviewed exact program-context mapping; exact tuple match only.
0.3,kokkoritsu,大分大学,理工学部,理工学科 知能機械システムプログラム,工学,single,single,single,additive,engineering,mechanical,1,Human-reviewed exact program-context mapping; exact tuple match only.
0.3,kokkoritsu,大分大学,理工学部,理工学科 電気エネルギー・電子工学プログラム,工学,multi,single,multi,additive,engineering,electrical_electronic,1,Human-reviewed exact program-context mapping; exact tuple match only.
0.3,kokkoritsu,大分大学,理工学部,理工学科 電気エネルギー・電子工学プログラム,工学,multi,single,multi,additive,engineering,nuclear_energy,2,Human-reviewed exact program-context mapping; exact tuple match only.
0.3,kokkoritsu,大分大学,福祉健康科学部,福祉健康科学科 理学療法コース,医療技術,single,single,single,additive,nursing_health,physical_therapy,1,Human-reviewed exact program-context mapping; exact tuple match only.
0.3,kokkoritsu,大阪公立大学,医学部,リハビリテーション学科 作業療法学専攻,医療・リハビリ,single,single,single,additive,nursing_health,occupational_therapy,1,Human-reviewed exact program-context mapping; exact tuple match only.
0.3,kokkoritsu,大阪公立大学,医学部,リハビリテーション学科 理学療法学専攻,医療・リハビリ,single,single,single,additive,nursing_health,physical_therapy,1,Human-reviewed exact program-context mapping; exact tuple match only.
0.3,kokkoritsu,大阪公立大学,工学部,化学バイオ工学科,工学・生命科学,single,single,single,additive,life_sciences,biotechnology,1,Human-reviewed exact program-context mapping; exact tuple match only.
0.3,kokkoritsu,大阪公立大学,工学部,機械工学科,工学,single,single,single,additive,engineering,mechanical,1,Human-reviewed exact program-context mapping; exact tuple match only.
0.3,kokkoritsu,大阪公立大学,工学部,電子物理工学科,工学,single,single,single,additive,engineering,electrical_electronic,1,Human-reviewed exact program-context mapping; exact tuple match only.
0.3,kokkoritsu,大阪公立大学,現代システム科学域,知識情報システム学類,情報,single,single,single,additive,information,software_systems,1,Human-reviewed exact program-context mapping; exact tuple match only.
0.3,kokkoritsu,大阪公立大学,理学部,化学科,理学,single,single,single,additive,natural_sciences,chemistry,1,Human-reviewed exact program-context mapping; exact tuple match only.
0.3,kokkoritsu,大阪公立大学,理学部,物理学科,理学,single,single,single,additive,natural_sciences,physics,1,Human-reviewed exact program-context mapping; exact tuple match only.
0.3,kokkoritsu,大阪大学,外国語学部,,人文,single,single,single,additive,languages,foreign_languages,1,Human-reviewed exact program-context mapping; exact tuple match only.
0.3,kokkoritsu,大阪大学,法学部,,社会,single,single,single,additive,law_politics_policy,law,1,Human-reviewed exact program-context mapping; exact tuple match only.
0.3,kokkoritsu,大阪大学,理学部,化学科・生物科学科,理学,multi,single,multi,additive,natural_sciences,chemistry,1,Human-reviewed exact program-context mapping; exact tuple match only.
0.3,kokkoritsu,大阪大学,理学部,化学科・生物科学科,理学,multi,single,multi,additive,natural_sciences,biology,2,Human-reviewed exact program-context mapping; exact tuple match only.
0.3,kokkoritsu,大阪大学,理学部,数学科・物理学科,理学,multi,single,multi,additive,natural_sciences,mathematics_statistics,1,Human-reviewed exact program-context mapping; exact tuple match only.
0.3,kokkoritsu,大阪大学,理学部,数学科・物理学科,理学,multi,single,multi,additive,natural_sciences,physics,2,Human-reviewed exact program-context mapping; exact tuple match only.
0.3,kokkoritsu,大阪大学,経済学部,,社会,single,single,single,additive,economics,economics_general,1,Human-reviewed exact program-context mapping; exact tuple match only.
0.3,kokkoritsu,奈良女子大学,理学部,化学生物環境学科 化学コース,理学,multi,single,multi,additive,natural_sciences,chemistry,1,Human-reviewed exact program-context mapping; exact tuple match only.
0.3,kokkoritsu,奈良女子大学,理学部,化学生物環境学科 化学コース,理学,multi,single,multi,additive,natural_sciences,biology,2,Human-reviewed exact program-context mapping; exact tuple match only.
0.3,kokkoritsu,奈良女子大学,理学部,化学生物環境学科 環境科学コース,理学,multi,single,multi,additive,natural_sciences,chemistry,1,Human-reviewed exact program-context mapping; exact tuple match only.
0.3,kokkoritsu,奈良女子大学,理学部,化学生物環境学科 環境科学コース,理学,multi,single,multi,additive,natural_sciences,biology,2,Human-reviewed exact program-context mapping; exact tuple match only.
0.3,kokkoritsu,奈良女子大学,理学部,化学生物環境学科 生物科学コース,理学,multi,single,multi,additive,natural_sciences,chemistry,1,Human-reviewed exact program-context mapping; exact tuple match only.
0.3,kokkoritsu,奈良女子大学,理学部,化学生物環境学科 生物科学コース,理学,multi,single,multi,additive,natural_sciences,biology,2,Human-reviewed exact program-context mapping; exact tuple match only.
0.3,kokkoritsu,奈良女子大学,生活環境学部,文化情報学科 生活文化学コース,理学,single,single,single,additive,natural_sciences,chemistry,1,Human-reviewed exact program-context mapping; exact tuple match only.
0.3,kokkoritsu,奈良教育大学,教育学部,数学教育専修 中等教育履修分野,教育・理数,single,single,single,additive,natural_sciences,mathematics_statistics,1,Human-reviewed exact program-context mapping; exact tuple match only.
0.3,kokkoritsu,奈良教育大学,教育学部,数学教育専修 初等教育履修分野,教育・理数,single,single,single,additive,natural_sciences,mathematics_statistics,1,Human-reviewed exact program-context mapping; exact tuple match only.
0.3,kokkoritsu,宇都宮大学,国際学部,国際学科,国際,single,single,single,additive,international_regional,international_studies,1,Human-reviewed exact program-context mapping; exact tuple match only.
0.3,kokkoritsu,宇都宮大学,地域デザイン科学部,コミュニティデザイン学科,地域デザイン,single,single,single,authoritative,sociology_community,community_regional_society,1,Human-reviewed exact program-context mapping; exact tuple match only.
0.3,kokkoritsu,宇都宮大学,工学部,基盤工学科 機械・情報電子系,工学・情報,multi,single,multi,additive,engineering,mechanical,1,Human-reviewed exact program-context mapping; exact tuple match only.
0.3,kokkoritsu,宇都宮大学,工学部,基盤工学科 機械・情報電子系,工学・情報,multi,single,multi,additive,engineering,electrical_electronic,2,Human-reviewed exact program-context mapping; exact tuple match only.
0.3,kokkoritsu,宇都宮大学,農学部,エコロジカル社会経済学科,農学・社会,single,single,single,additive,economics,economics_general,1,Human-reviewed exact program-context mapping; exact tuple match only.
0.3,kokkoritsu,室蘭工業大学,理工学部,システム理化学科,工学・理学,single,single,single,additive,natural_sciences,chemistry,1,Human-reviewed exact program-context mapping; exact tuple match only.
0.3,kokkoritsu,宮崎大学,工学部,工学科 半導体サイエンスプログラム,工学,single,single,single,additive,engineering,electrical_electronic,1,Human-reviewed exact program-context mapping; exact tuple match only.
0.3,kokkoritsu,宮崎大学,工学部,工学科 土木環境プログラム,工学,single,single,single,additive,engineering,civil_infrastructure,1,Human-reviewed exact program-context mapping; exact tuple match only.
0.3,kokkoritsu,宮崎大学,工学部,工学科 情報通信プログラム,情報,single,single,single,additive,information,networks_communications,1,Human-reviewed exact program-context mapping; exact tuple match only.
0.3,kokkoritsu,宮崎大学,工学部,工学科 機械知能プログラム,工学,single,single,single,additive,engineering,mechanical,1,Human-reviewed exact program-context mapping; exact tuple match only.
0.3,kokkoritsu,宮崎大学,工学部,工学科 電気電子システムプログラム,工学,single,single,single,additive,engineering,electrical_electronic,1,Human-reviewed exact program-context mapping; exact tuple match only.
0.3,kokkoritsu,宮崎大学,農学部,農学科 森林環境持続性科学コース,農学・生命,single,single,single,additive,agriculture_fisheries,forestry_resources,1,Human-reviewed exact program-context mapping; exact tuple match only.
0.3,kokkoritsu,宮崎大学,農学部,農学科 海洋生命科学コース,農学・生命,single,single,single,additive,agriculture_fisheries,fisheries_marine,1,Human-reviewed exact program-context mapping; exact tuple match only.
0.3,kokkoritsu,富山大学,工学部,工学科 応用化学コース,化学・材料,single,single,single,additive,engineering,chemical_engineering,1,Human-reviewed exact program-context mapping; exact tuple match only.
0.3,kokkoritsu,富山大学,工学部,工学科 生命工学コース,生命工学,single,single,single,additive,life_sciences,biology_biotech,1,Human-reviewed exact program-context mapping; exact tuple match only.
0.3,kokkoritsu,富山大学,工学部,工学科 知能情報工学コース,情報・工学,single,single,single,additive,information,computer_science,1,Human-reviewed exact program-context mapping; exact tuple match only.
0.3,kokkoritsu,富山大学,芸術文化学部,芸術文化学科,芸術・デザイン,single,single,single,additive,arts_design,fine_arts_crafts,1,Human-reviewed exact program-context mapping; exact tuple match only.
0.3,kokkoritsu,富山大学,薬学部,創薬科学科,生命科学・薬学,single,single,single,additive,pharmacy,pharmaceutical_science_drug_discovery,1,Human-reviewed exact program-context mapping; exact tuple match only.
0.3,kokkoritsu,富山大学,薬学部,薬学科,薬学,single,single,single,additive,pharmacy,pharmacy_six_year,1,Human-reviewed exact program-context mapping; exact tuple match only.
0.3,kokkoritsu,富山県立大学,工学部,機械システム工学科,工学,single,single,single,additive,engineering,mechanical,1,Human-reviewed exact program-context mapping; exact tuple match only.
0.3,kokkoritsu,富山県立大学,工学部,環境・社会基盤工学科,工学,single,single,single,additive,engineering,civil_infrastructure,1,Human-reviewed exact program-context mapping; exact tuple match only.
0.3,kokkoritsu,富山県立大学,工学部,生物工学科,農学・生命,single,single,single,additive,life_sciences,biotechnology,1,Human-reviewed exact program-context mapping; exact tuple match only.
0.3,kokkoritsu,富山県立大学,工学部,電気電子工学科,工学,single,single,single,additive,engineering,electrical_electronic,1,Human-reviewed exact program-context mapping; exact tuple match only.
0.3,kokkoritsu,富山県立大学,情報工学部,データサイエンス学科,情報,single,single,single,additive,information,data_science_statistics,1,Human-reviewed exact program-context mapping; exact tuple match only.
0.3,kokkoritsu,富山県立大学,情報工学部,情報システム工学科,情報,single,single,single,additive,information,software_systems,1,Human-reviewed exact program-context mapping; exact tuple match only.
0.3,kokkoritsu,尾道市立大学,芸術文化学部,日本文学科,日本文学,single,single,single,additive,languages,japanese_language,1,Human-reviewed exact program-context mapping; exact tuple match only.
0.3,kokkoritsu,山口大学,国際総合科学部,国際総合科学科,人文・社会,single,single,single,additive,international_regional,international_studies,1,Human-reviewed exact program-context mapping; exact tuple match only.
0.3,kokkoritsu,山口大学,工学部,創成工学科 機械系,工学,single,single,single,additive,engineering,mechanical,1,Human-reviewed exact program-context mapping; exact tuple match only.
0.3,kokkoritsu,山口大学,工学部,創成工学科 電気電子系,工学,single,single,single,additive,engineering,electrical_electronic,1,Human-reviewed exact program-context mapping; exact tuple match only.
0.3,kokkoritsu,山口大学,理学部,化学科,理学,single,single,single,additive,natural_sciences,chemistry,1,Human-reviewed exact program-context mapping; exact tuple match only.
0.3,kokkoritsu,山口大学,理学部,地球圏システム科学科,理学,single,single,single,additive,natural_sciences,earth_space_science,1,Human-reviewed exact program-context mapping; exact tuple match only.
0.3,kokkoritsu,山口大学,理学部,数理科学科,理学,single,single,single,additive,natural_sciences,mathematics_statistics,1,Human-reviewed exact program-context mapping; exact tuple match only.
0.3,kokkoritsu,山口大学,理学部,生物学科,理学,single,single,single,additive,natural_sciences,biology,1,Human-reviewed exact program-context mapping; exact tuple match only.
0.3,kokkoritsu,山口大学,農学部,生物機能科学科 農業・工業・水産に関する学科等対象,農学・生命,single,single,single,additive,agriculture_fisheries,fisheries_marine,1,Human-reviewed exact program-context mapping; exact tuple match only.
0.3,kokkoritsu,山口県立大学,国際文化学部,国際文化学科,国際・社会,single,single,single,additive,humanities_culture_history,culture,1,Human-reviewed exact program-context mapping; exact tuple match only.
0.3,kokkoritsu,山口県立大学,国際文化学部,情報社会学科,情報・社会,single,single,not_applicable,additive,sociology_community,,1,Human-reviewed exact program-context mapping; exact tuple match only.
0.3,kokkoritsu,山形大学,人文社会科学部,人文社会科学科 グローバル・スタディーズコース,人文・社会,single,single,single,additive,international_regional,global_studies,1,Human-reviewed exact program-context mapping; exact tuple match only.
0.3,kokkoritsu,山形大学,人文社会科学部,人文社会科学科 総合法律／地域公共政策／経済・マネジメントコース,人文・社会,multi,multi,multi,additive,law_politics_policy,law,1,Human-reviewed exact program-context mapping; exact tuple match only.
0.3,kokkoritsu,山形大学,人文社会科学部,人文社会科学科 総合法律／地域公共政策／経済・マネジメントコース,人文・社会,multi,multi,multi,additive,law_politics_policy,public_policy_administration,2,Human-reviewed exact program-context mapping; exact tuple match only.
0.3,kokkoritsu,山形大学,人文社会科学部,人文社会科学科 総合法律／地域公共政策／経済・マネジメントコース,人文・社会,multi,multi,multi,additive,economics,economics_general,3,Human-reviewed exact program-context mapping; exact tuple match only.
0.3,kokkoritsu,山形大学,人文社会科学部,人文社会科学科 総合法律／地域公共政策／経済・マネジメントコース,人文・社会,multi,multi,multi,additive,business_commerce,management,4,Human-reviewed exact program-context mapping; exact tuple match only.
0.3,kokkoritsu,山形大学,工学部昼間コース,化学・バイオ工学科 バイオ化学工学コース,理工・情報,multi,multi,multi,additive,engineering,chemical_engineering,1,Human-reviewed exact program-context mapping; exact tuple match only.
0.3,kokkoritsu,山形大学,工学部昼間コース,化学・バイオ工学科 バイオ化学工学コース,理工・情報,multi,multi,multi,additive,life_sciences,biotechnology,2,Human-reviewed exact program-context mapping; exact tuple match only.
0.3,kokkoritsu,山形大学,工学部昼間コース,化学・バイオ工学科 応用化学・化学工学コース,理工・情報,single,single,single,additive,engineering,chemical_engineering,1,Human-reviewed exact program-context mapping; exact tuple match only.
0.3,kokkoritsu,山形大学,工学部昼間コース,情報・エレクトロニクス学科 電気・電子通信コース,理工・情報,multi,multi,multi,additive,engineering,electrical_electronic,1,Human-reviewed exact program-context mapping; exact tuple match only.
0.3,kokkoritsu,山形大学,工学部昼間コース,情報・エレクトロニクス学科 電気・電子通信コース,理工・情報,multi,multi,multi,additive,information,networks_communications,2,Human-reviewed exact program-context mapping; exact tuple match only.
0.3,kokkoritsu,山形大学,工学部昼間コース,機械システム工学科,理工・情報,single,single,single,additive,engineering,mechanical,1,Human-reviewed exact program-context mapping; exact tuple match only.
0.3,kokkoritsu,山形大学,工学部昼間コース,高分子・有機材料工学科,理工・情報,single,single,single,additive,engineering,materials,1,Human-reviewed exact program-context mapping; exact tuple match only.
0.3,kokkoritsu,山形大学,社会共創デジタル学環,社会共創デジタル学環,社会・情報,single,single,single,additive,information,iot_digital,1,Human-reviewed exact program-context mapping; exact tuple match only.
0.3,kokkoritsu,山形県立保健医療大学,保健医療学部,作業療法学科,医療技術,single,single,single,additive,nursing_health,occupational_therapy,1,Human-reviewed exact program-context mapping; exact tuple match only.
0.3,kokkoritsu,山形県立保健医療大学,保健医療学部,理学療法学科,医療技術,single,single,single,additive,nursing_health,physical_therapy,1,Human-reviewed exact program-context mapping; exact tuple match only.
0.3,kokkoritsu,山梨大学,工学部,クリーンエネルギー化学コース,工学,single,single,single,additive,engineering,nuclear_energy,1,Human-reviewed exact program-context mapping; exact tuple match only.
0.3,kokkoritsu,山梨大学,工学部,土木環境工学コース,工学,multi,multi,multi,additive,engineering,civil_infrastructure,1,Human-reviewed exact program-context mapping; exact tuple match only.
0.3,kokkoritsu,山梨大学,工学部,土木環境工学コース,工学,multi,multi,multi,additive,environment,environmental_engineering,2,Human-reviewed exact program-context mapping; exact tuple match only.
0.3,kokkoritsu,山梨大学,工学部,応用化学コース,工学,single,single,single,additive,engineering,chemical_engineering,1,Human-reviewed exact program-context mapping; exact tuple match only.
0.3,kokkoritsu,山梨大学,工学部,機械工学コース,工学,single,single,single,additive,engineering,mechanical,1,Human-reviewed exact program-context mapping; exact tuple match only.
0.3,kokkoritsu,山梨大学,工学部,電気電子工学コース,工学,single,single,single,additive,engineering,electrical_electronic,1,Human-reviewed exact program-context mapping; exact tuple match only.
0.3,kokkoritsu,山梨大学,生命環境学部,環境科学科,生命・環境,single,single,single,additive,environment,environmental_science,1,Human-reviewed exact program-context mapping; exact tuple match only.
0.3,kokkoritsu,山梨大学,生命環境学部,生命工学科,生命科学,single,single,single,additive,life_sciences,biotechnology,1,Human-reviewed exact program-context mapping; exact tuple match only.
0.3,kokkoritsu,山梨県立大学,国際政策学部,総合政策学科,社会・地域,single,single,single,additive,law_politics_policy,public_policy_administration,1,Human-reviewed exact program-context mapping; exact tuple match only.
0.3,kokkoritsu,山陽小野田市立山口東京理科大学,工学部,数理情報科学科,情報・数理,single,single,single,additive,information,computer_science,1,Human-reviewed exact program-context mapping; exact tuple match only.
0.3,kokkoritsu,山陽小野田市立山口東京理科大学,薬学部,薬学科,薬学,single,single,single,additive,pharmacy,pharmacy_six_year,1,Human-reviewed exact program-context mapping; exact tuple match only.
0.3,kokkoritsu,岐阜大学,地域科学部,地域政策学科・地域文化学科（一括募集）,社会・地域,multi,multi,multi,additive,humanities_culture_history,culture,1,Human-reviewed exact program-context mapping; exact tuple match only.
0.3,kokkoritsu,岐阜大学,地域科学部,地域政策学科・地域文化学科（一括募集）,社会・地域,multi,multi,multi,additive,law_politics_policy,public_policy_administration,2,Human-reviewed exact program-context mapping; exact tuple match only.
0.3,kokkoritsu,岐阜大学,工学部,化学・生命工学科 物質化学コース,工学,single,single,single,additive,engineering,materials,1,Human-reviewed exact program-context mapping; exact tuple match only.
0.3,kokkoritsu,岐阜大学,工学部,機械工学科 機械コース,工学,single,single,single,additive,engineering,mechanical,1,Human-reviewed exact program-context mapping; exact tuple match only.
0.3,kokkoritsu,岐阜大学,工学部,機械工学科 知能機械コース,工学,single,single,single,additive,engineering,mechanical,1,Human-reviewed exact program-context mapping; exact tuple match only.
0.3,kokkoritsu,岐阜大学,工学部,社会基盤工学科 環境・防災デザインコース,工学,single,single,single,additive,engineering,civil_infrastructure,1,Human-reviewed exact program-context mapping; exact tuple match only.
0.3,kokkoritsu,岐阜大学,工学部,電気電子・情報工学科 応用物理コース,工学,single,single,single,additive,engineering,electrical_electronic,1,Human-reviewed exact program-context mapping; exact tuple match only.
0.3,kokkoritsu,岐阜大学,工学部,電気電子・情報工学科 情報コース,工学,multi,multi,multi,additive,engineering,electrical_electronic,1,Human-reviewed exact program-context mapping; exact tuple match only.
0.3,kokkoritsu,岐阜大学,工学部,電気電子・情報工学科 情報コース,工学,multi,multi,multi,additive,information,computer_science,2,Human-reviewed exact program-context mapping; exact tuple match only.
0.3,kokkoritsu,岐阜大学,工学部,電気電子・情報工学科 電気電子コース,工学,single,single,single,additive,engineering,electrical_electronic,1,Human-reviewed exact program-context mapping; exact tuple match only.
0.3,kokkoritsu,岐阜薬科大学,薬学部,薬学科（6年制）,薬学,single,single,single,additive,pharmacy,pharmacy_six_year,1,Human-reviewed exact program-context mapping; exact tuple match only.
0.3,kokkoritsu,岡山大学,医学部,保健学科 放射線技術科学専攻,医療技術,single,single,single,additive,nursing_health,radiological_technology,1,Human-reviewed exact program-context mapping; exact tuple match only.
0.3,kokkoritsu,岡山大学,工学部,工学科 情報・電気・数理データサイエンス系,工学,single,single,single,additive,engineering,electrical_electronic,1,Human-reviewed exact program-context mapping; exact tuple match only.
0.3,kokkoritsu,岡山大学,工学部,工学科 機械システム系,工学,single,single,single,additive,engineering,mechanical,1,Human-reviewed exact program-context mapping; exact tuple match only.
0.3,kokkoritsu,岡山大学,工学部,工学科 環境・社会基盤系,工学,single,single,single,additive,engineering,civil_infrastructure,1,Human-reviewed exact program-context mapping; exact tuple match only.
0.3,kokkoritsu,岡山大学,法学部,法学科,人文・社会,single,single,single,additive,law_politics_policy,law,1,Human-reviewed exact program-context mapping; exact tuple match only.
0.3,kokkoritsu,岡山大学,理学部,化学科,理学,single,single,single,additive,natural_sciences,chemistry,1,Human-reviewed exact program-context mapping; exact tuple match only.
0.3,kokkoritsu,岡山大学,理学部,地球科学科,理学,single,single,single,additive,natural_sciences,earth_space_science,1,Human-reviewed exact program-context mapping; exact tuple match only.
0.3,kokkoritsu,岡山大学,理学部,数学科,理学,single,single,single,additive,natural_sciences,mathematics_statistics,1,Human-reviewed exact program-context mapping; exact tuple match only.
0.3,kokkoritsu,岡山大学,理学部,物理学科,理学,single,single,single,additive,natural_sciences,physics,1,Human-reviewed exact program-context mapping; exact tuple match only.
0.3,kokkoritsu,岡山大学,理学部,生物学科,理学,single,single,single,additive,natural_sciences,biology,1,Human-reviewed exact program-context mapping; exact tuple match only.
0.3,kokkoritsu,岡山大学,経済学部,経済学科,人文・社会,single,single,single,additive,economics,economics_general,1,Human-reviewed exact program-context mapping; exact tuple match only.
0.3,kokkoritsu,岡山大学,薬学部,創薬科学科,薬学,single,single,single,additive,pharmacy,pharmaceutical_science_drug_discovery,1,Human-reviewed exact program-context mapping; exact tuple match only.
0.3,kokkoritsu,岡山大学,薬学部,薬学科,薬学,single,single,single,additive,pharmacy,pharmacy_six_year,1,Human-reviewed exact program-context mapping; exact tuple match only.
0.3,kokkoritsu,岡山県立大学,デザイン学部,工芸工業デザイン学科,デザイン,single,single,single,additive,arts_design,fine_arts_crafts,1,Human-reviewed exact program-context mapping; exact tuple match only.
0.3,kokkoritsu,岡山県立大学,情報工学部,人間情報工学科,情報・工学,single,single,single,additive,information,computer_science,1,Human-reviewed exact program-context mapping; exact tuple match only.
0.3,kokkoritsu,岡山県立大学,情報工学部,情報システム工学科,情報・工学,multi,single,multi,additive,information,computer_science,1,Human-reviewed exact program-context mapping; exact tuple match only.
0.3,kokkoritsu,岡山県立大学,情報工学部,情報システム工学科,情報・工学,multi,single,multi,additive,information,software_systems,2,Human-reviewed exact program-context mapping; exact tuple match only.
0.3,kokkoritsu,岡山県立大学,情報工学部,情報通信工学科,情報・工学,multi,single,multi,additive,information,computer_science,1,Human-reviewed exact program-context mapping; exact tuple match only.
0.3,kokkoritsu,岡山県立大学,情報工学部,情報通信工学科,情報・工学,multi,single,multi,additive,information,networks_communications,2,Human-reviewed exact program-context mapping; exact tuple match only.
0.3,kokkoritsu,岩手大学,人文社会科学部,地域政策課程,人文・社会,multi,multi,multi,additive,law_politics_policy,public_policy_administration,1,Human-reviewed exact program-context mapping; exact tuple match only.
0.3,kokkoritsu,岩手大学,人文社会科学部,地域政策課程,人文・社会,multi,multi,multi,additive,sociology_community,community_regional_society,2,Human-reviewed exact program-context mapping; exact tuple match only.
0.3,kokkoritsu,岩手大学,理工学部,地域協創ものづくりプログラム,理工・情報,single,single,single,additive,engineering,mechanical,1,Human-reviewed exact program-context mapping; exact tuple match only.
0.3,kokkoritsu,岩手大学,理工学部,理工学科 化学コース,理工・情報,single,single,single,additive,natural_sciences,chemistry,1,Human-reviewed exact program-context mapping; exact tuple match only.
0.3,kokkoritsu,岩手大学,理工学部,理工学科 数理・物理コース,理工・情報,multi,single,multi,additive,natural_sciences,mathematics_statistics,1,Human-reviewed exact program-context mapping; exact tuple match only.
0.3,kokkoritsu,岩手大学,理工学部,理工学科 数理・物理コース,理工・情報,multi,single,multi,additive,natural_sciences,physics,2,Human-reviewed exact program-context mapping; exact tuple match only.
0.3,kokkoritsu,岩手大学,理工学部,理工学科 材料科学コース,理工・情報,single,single,single,additive,engineering,materials,1,Human-reviewed exact program-context mapping; exact tuple match only.
0.3,kokkoritsu,岩手大学,理工学部,理工学科 機械・知能航空コース,理工・情報,single,single,single,additive,engineering,mechanical,1,Human-reviewed exact program-context mapping; exact tuple match only.
0.3,kokkoritsu,岩手大学,理工学部,理工学科 社会基盤・環境コース,理工・情報,single,single,single,additive,engineering,civil_infrastructure,1,Human-reviewed exact program-context mapping; exact tuple match only.
0.3,kokkoritsu,岩手大学,理工学部,理工学科 電気電子・情報通信コース,理工・情報,multi,multi,multi,additive,engineering,electrical_electronic,1,Human-reviewed exact program-context mapping; exact tuple match only.
0.3,kokkoritsu,岩手大学,理工学部,理工学科 電気電子・情報通信コース,理工・情報,multi,multi,multi,additive,information,networks_communications,2,Human-reviewed exact program-context mapping; exact tuple match only.
0.3,kokkoritsu,岩手大学,農学部,分子生命医科学科,農学・生命,single,single,single,additive,life_sciences,medical_science,1,Human-reviewed exact program-context mapping; exact tuple match only.
0.3,kokkoritsu,岩手大学,農学部,森林科学科,農学・生命,single,single,single,additive,agriculture_fisheries,forestry_resources,1,Human-reviewed exact program-context mapping; exact tuple match only.
0.3,kokkoritsu,岩手大学,農学部,水産システム学科,農学・生命,single,single,single,additive,agriculture_fisheries,fisheries_marine,1,Human-reviewed exact program-context mapping; exact tuple match only.
0.3,kokkoritsu,岩手県立大学,ソフトウェア情報学部,ソフトウェア情報学科,情報,single,single,single,additive,information,software_systems,1,Human-reviewed exact program-context mapping; exact tuple match only.
0.3,kokkoritsu,岩手県立大学,総合政策学部,総合政策学科,社会・地域,single,single,single,additive,law_politics_policy,public_policy_administration,1,Human-reviewed exact program-context mapping; exact tuple match only.
0.3,kokkoritsu,島根大学,材料エネルギー学部,材料エネルギー学科,工学,multi,single,multi,additive,engineering,materials,1,Human-reviewed exact program-context mapping; exact tuple match only.
0.3,kokkoritsu,島根大学,材料エネルギー学部,材料エネルギー学科,工学,multi,single,multi,additive,engineering,nuclear_energy,2,Human-reviewed exact program-context mapping; exact tuple match only.
0.3,kokkoritsu,島根大学,法文学部,法経学科,人文・社会,multi,multi,multi,additive,law_politics_policy,law,1,Human-reviewed exact program-context mapping; exact tuple match only.
0.3,kokkoritsu,島根大学,法文学部,法経学科,人文・社会,multi,multi,multi,additive,economics,economics_general,2,Human-reviewed exact program-context mapping; exact tuple match only.
0.3,kokkoritsu,島根大学,法文学部,法経学科・社会文化学科・言語文化学科（共通枠）,人文・社会,multi,multi,multi,additive,humanities_culture_history,culture,1,Human-reviewed exact program-context mapping; exact tuple match only.
0.3,kokkoritsu,島根大学,法文学部,法経学科・社会文化学科・言語文化学科（共通枠）,人文・社会,multi,multi,multi,additive,languages,foreign_languages,2,Human-reviewed exact program-context mapping; exact tuple match only.
0.3,kokkoritsu,島根大学,法文学部,法経学科・社会文化学科・言語文化学科（共通枠）,人文・社会,multi,multi,multi,additive,law_politics_policy,law,3,Human-reviewed exact program-context mapping; exact tuple match only.
0.3,kokkoritsu,島根大学,法文学部,法経学科・社会文化学科・言語文化学科（共通枠）,人文・社会,multi,multi,multi,additive,economics,economics_general,4,Human-reviewed exact program-context mapping; exact tuple match only.
0.3,kokkoritsu,島根大学,法文学部,法経学科・社会文化学科・言語文化学科（共通枠）,人文・社会,multi,multi,multi,additive,sociology_community,,5,Human-reviewed exact program-context mapping; exact tuple match only.
0.3,kokkoritsu,島根大学,法文学部,社会文化学科,人文・社会,multi,multi,single,additive,humanities_culture_history,culture,1,Human-reviewed exact program-context mapping; exact tuple match only.
0.3,kokkoritsu,島根大学,法文学部,社会文化学科,人文・社会,multi,multi,single,additive,sociology_community,,2,Human-reviewed exact program-context mapping; exact tuple match only.
0.3,kokkoritsu,島根大学,法文学部,言語文化学科,人文・社会,multi,multi,multi,additive,humanities_culture_history,culture,1,Human-reviewed exact program-context mapping; exact tuple match only.
0.3,kokkoritsu,島根大学,法文学部,言語文化学科,人文・社会,multi,multi,multi,additive,languages,foreign_languages,2,Human-reviewed exact program-context mapping; exact tuple match only.
0.3,kokkoritsu,島根県立大学,地域政策学部,地域政策学科 経済経営・デジタルマネジメントコース,経済・経営・情報,single,single,single,additive,information,iot_digital,1,Human-reviewed exact program-context mapping; exact tuple match only.
0.3,kokkoritsu,広島大学,医学部,保健学科 作業療法学専攻,医療技術,single,single,single,additive,nursing_health,occupational_therapy,1,Human-reviewed exact program-context mapping; exact tuple match only.
0.3,kokkoritsu,広島大学,医学部,保健学科 理学療法学専攻,医療技術,single,single,single,additive,nursing_health,physical_therapy,1,Human-reviewed exact program-context mapping; exact tuple match only.
0.3,kokkoritsu,広島大学,工学部,第一類（機械・輸送・材料・エネルギー系）,工学,multi,single,multi,additive,engineering,mechanical,1,Human-reviewed exact program-context mapping; exact tuple match only.
0.3,kokkoritsu,広島大学,工学部,第一類（機械・輸送・材料・エネルギー系）,工学,multi,single,multi,additive,engineering,materials,2,Human-reviewed exact program-context mapping; exact tuple match only.
0.3,kokkoritsu,広島大学,工学部,第一類（機械・輸送・材料・エネルギー系）,工学,multi,single,multi,additive,engineering,nuclear_energy,3,Human-reviewed exact program-context mapping; exact tuple match only.
0.3,kokkoritsu,広島大学,工学部,第三類（応用化学・生物工学・化学工学系）,工学,multi,multi,multi,additive,engineering,chemical_engineering,1,Human-reviewed exact program-context mapping; exact tuple match only.
0.3,kokkoritsu,広島大学,工学部,第三類（応用化学・生物工学・化学工学系）,工学,multi,multi,multi,additive,life_sciences,biotechnology,2,Human-reviewed exact program-context mapping; exact tuple match only.
0.3,kokkoritsu,広島大学,工学部,第二類（半導体・電気システム情報系）,工学,single,single,single,additive,engineering,electrical_electronic,1,Human-reviewed exact program-context mapping; exact tuple match only.
0.3,kokkoritsu,広島大学,理学部,化学科,理学,single,single,single,additive,natural_sciences,chemistry,1,Human-reviewed exact program-context mapping; exact tuple match only.
0.3,kokkoritsu,広島大学,理学部,地球惑星システム学科,理学,single,single,single,additive,natural_sciences,earth_space_science,1,Human-reviewed exact program-context mapping; exact tuple match only.
0.3,kokkoritsu,広島大学,理学部,数学科,理学,single,single,single,additive,natural_sciences,mathematics_statistics,1,Human-reviewed exact program-context mapping; exact tuple match only.
0.3,kokkoritsu,広島大学,理学部,物理学科,理学,single,single,single,additive,natural_sciences,physics,1,Human-reviewed exact program-context mapping; exact tuple match only.
0.3,kokkoritsu,広島大学,理学部,生物科学科,理学,single,single,single,additive,natural_sciences,biology,1,Human-reviewed exact program-context mapping; exact tuple match only.
0.3,kokkoritsu,広島大学,総合科学部,国際共創学科（IGS）,国際・文理融合,multi,multi,single,authoritative,international_regional,international_studies,1,Human-reviewed exact context membership; final set replaces raw-level membership for this tuple.
0.3,kokkoritsu,広島大学,総合科学部,国際共創学科（IGS）,国際・文理融合,multi,multi,single,authoritative,interdisciplinary,,2,Human-reviewed exact context membership; final set replaces raw-level membership for this tuple.
0.3,kokkoritsu,広島大学,薬学部,薬学科,薬学,single,single,single,additive,pharmacy,pharmacy_six_year,1,Human-reviewed exact program-context mapping; exact tuple match only.
0.3,kokkoritsu,広島大学,薬学部,薬科学科,薬学,single,single,single,additive,pharmacy,pharmaceutical_science_drug_discovery,1,Human-reviewed exact program-context mapping; exact tuple match only.
0.3,kokkoritsu,広島市立大学,芸術学部,デザイン工芸学科,デザイン・工芸,single,single,single,additive,arts_design,fine_arts_crafts,1,Human-reviewed exact program-context mapping; exact tuple match only.
0.3,kokkoritsu,弘前大学,人文社会科学部,文化創生課程,人文・社会,single,single,single,additive,humanities_culture_history,culture,1,Human-reviewed exact program-context mapping; exact tuple match only.
0.3,kokkoritsu,弘前大学,人文社会科学部,社会経営課程,人文・社会,single,single,single,additive,business_commerce,management,1,Human-reviewed exact program-context mapping; exact tuple match only.
0.3,kokkoritsu,弘前大学,医学部 保健学科,作業療法学専攻,医療・リハビリ,single,single,single,additive,nursing_health,occupational_therapy,1,Human-reviewed exact program-context mapping; exact tuple match only.
0.3,kokkoritsu,弘前大学,医学部 保健学科,放射線技術科学専攻,医療技術,single,single,single,additive,nursing_health,radiological_technology,1,Human-reviewed exact program-context mapping; exact tuple match only.
0.3,kokkoritsu,弘前大学,医学部 保健学科,理学療法学専攻,医療・リハビリ,single,single,single,additive,nursing_health,physical_therapy,1,Human-reviewed exact program-context mapping; exact tuple match only.
0.3,kokkoritsu,弘前大学,理工学部,地球環境防災学科,理工・情報,single,single,single,additive,natural_sciences,earth_space_science,1,Human-reviewed exact program-context mapping; exact tuple match only.
0.3,kokkoritsu,弘前大学,理工学部,機械科学科,理工・情報,single,single,single,additive,engineering,mechanical,1,Human-reviewed exact program-context mapping; exact tuple match only.
0.3,kokkoritsu,弘前大学,理工学部,物質創成化学科,理工・情報,multi,multi,multi,additive,natural_sciences,chemistry,1,Human-reviewed exact program-context mapping; exact tuple match only.
0.3,kokkoritsu,弘前大学,理工学部,物質創成化学科,理工・情報,multi,multi,multi,additive,engineering,materials,2,Human-reviewed exact program-context mapping; exact tuple match only.
0.3,kokkoritsu,弘前大学,理工学部,自然エネルギー学科,理工・情報,single,single,single,additive,engineering,nuclear_energy,1,Human-reviewed exact program-context mapping; exact tuple match only.
0.3,kokkoritsu,弘前大学,理工学部,電子情報工学科,理工・情報,multi,multi,multi,additive,engineering,electrical_electronic,1,Human-reviewed exact program-context mapping; exact tuple match only.
0.3,kokkoritsu,弘前大学,理工学部,電子情報工学科,理工・情報,multi,multi,multi,additive,information,computer_science,2,Human-reviewed exact program-context mapping; exact tuple match only.
0.3,kokkoritsu,徳島大学,医学部,保健学科 放射線技術科学専攻,医療・保健,single,single,single,additive,nursing_health,radiological_technology,1,Human-reviewed exact program-context mapping; exact tuple match only.
0.3,kokkoritsu,徳島大学,理工学部,理工学科（夜間主） 応用化学システムコース,工学,single,single,single,additive,engineering,chemical_engineering,1,Human-reviewed exact program-context mapping; exact tuple match only.
0.3,kokkoritsu,徳島大学,理工学部,理工学科（夜間主） 機械科学コース,工学,single,single,single,additive,engineering,mechanical,1,Human-reviewed exact program-context mapping; exact tuple match only.
0.3,kokkoritsu,徳島大学,理工学部,理工学科（夜間主） 社会基盤デザインコース,工学,single,single,single,additive,engineering,civil_infrastructure,1,Human-reviewed exact program-context mapping; exact tuple match only.
0.3,kokkoritsu,徳島大学,理工学部,理工学科（夜間主） 電気電子システムコース,工学,single,single,single,additive,engineering,electrical_electronic,1,Human-reviewed exact program-context mapping; exact tuple match only.
0.3,kokkoritsu,徳島大学,理工学部,理工学科（昼間） 医光／医工融合プログラム,工学,single,single,single,additive,engineering,biomedical_engineering,1,Human-reviewed exact program-context mapping; exact tuple match only.
0.3,kokkoritsu,徳島大学,理工学部,理工学科（昼間） 応用化学システムコース,工学,single,single,single,additive,engineering,chemical_engineering,1,Human-reviewed exact program-context mapping; exact tuple match only.
0.3,kokkoritsu,徳島大学,理工学部,理工学科（昼間） 機械科学コース,工学,single,single,single,additive,engineering,mechanical,1,Human-reviewed exact program-context mapping; exact tuple match only.
0.3,kokkoritsu,徳島大学,理工学部,理工学科（昼間） 社会基盤デザインコース,工学,single,single,single,additive,engineering,civil_infrastructure,1,Human-reviewed exact program-context mapping; exact tuple match only.
0.3,kokkoritsu,徳島大学,理工学部,理工学科（昼間） 電気電子システムコース,工学,single,single,single,additive,engineering,electrical_electronic,1,Human-reviewed exact program-context mapping; exact tuple match only.
0.3,kokkoritsu,徳島大学,薬学部,薬学科 先導的地域医療薬剤師育成型（地方貢献枠）,薬学,single,single,single,additive,pharmacy,pharmacy_six_year,1,Human-reviewed exact program-context mapping; exact tuple match only.
0.3,kokkoritsu,徳島大学,薬学部,薬学科 創薬研究者育成型（長井枠）,薬学,multi,single,multi,additive,pharmacy,pharmacy_six_year,1,Human-reviewed exact program-context mapping; exact tuple match only.
0.3,kokkoritsu,徳島大学,薬学部,薬学科 創薬研究者育成型（長井枠）,薬学,multi,single,multi,additive,pharmacy,pharmaceutical_science_drug_discovery,2,Human-reviewed exact program-context mapping; exact tuple match only.
0.3,kokkoritsu,愛媛大学,工学部,デジタル情報人材育成特別プログラム,情報,single,single,single,additive,information,iot_digital,1,Human-reviewed exact program-context mapping; exact tuple match only.
0.3,kokkoritsu,愛媛大学,工学部,工学科 材料デザイン工学コース,工学,single,single,single,additive,engineering,materials,1,Human-reviewed exact program-context mapping; exact tuple match only.
0.3,kokkoritsu,愛媛大学,工学部,工学科 機械工学コース,工学,single,single,single,additive,engineering,mechanical,1,Human-reviewed exact program-context mapping; exact tuple match only.
0.3,kokkoritsu,愛媛大学,工学部,工学科 社会基盤工学コース,工学,single,single,single,additive,engineering,civil_infrastructure,1,Human-reviewed exact program-context mapping; exact tuple match only.
0.3,kokkoritsu,愛媛大学,工学部,工学科 電気電子工学コース,工学,single,single,single,additive,engineering,electrical_electronic,1,Human-reviewed exact program-context mapping; exact tuple match only.
0.3,kokkoritsu,愛媛大学,理学部,理学科 化学コース,理学,single,single,single,additive,natural_sciences,chemistry,1,Human-reviewed exact program-context mapping; exact tuple match only.
0.3,kokkoritsu,愛媛大学,理学部,理学科 地学コース,理学,single,single,single,additive,natural_sciences,earth_space_science,1,Human-reviewed exact program-context mapping; exact tuple match only.
0.3,kokkoritsu,愛媛大学,理学部,理学科 数学・数理情報コース,理学,single,single,single,additive,natural_sciences,mathematics_statistics,1,Human-reviewed exact program-context mapping; exact tuple match only.
0.3,kokkoritsu,愛媛大学,理学部,理学科 物理学コース,理学,single,single,single,additive,natural_sciences,physics,1,Human-reviewed exact program-context mapping; exact tuple match only.
0.3,kokkoritsu,愛媛大学,理学部,理学科 生物学コース,理学,single,single,single,additive,natural_sciences,biology,1,Human-reviewed exact program-context mapping; exact tuple match only.
0.3,kokkoritsu,愛媛大学,社会共創学部,産業マネジメント学科,社会・地域,single,single,single,additive,business_commerce,management,1,Human-reviewed exact program-context mapping; exact tuple match only.
0.3,kokkoritsu,愛媛県立医療技術大学,保健科学部,臨床検査学科,医療技術,single,single,single,additive,nursing_health,clinical_laboratory,1,Human-reviewed exact program-context mapping; exact tuple match only.
0.3,kokkoritsu,愛知県立大学,日本文化学部,国語国文学科,人文・文化,multi,multi,multi,additive,humanities_culture_history,literature,1,Human-reviewed exact program-context mapping; exact tuple match only.
0.3,kokkoritsu,愛知県立大学,日本文化学部,国語国文学科,人文・文化,multi,multi,multi,additive,languages,japanese_language,2,Human-reviewed exact program-context mapping; exact tuple match only.
0.3,kokkoritsu,愛知県立大学,日本文化学部,歴史文化学科,人文・文化,single,single,single,additive,humanities_culture_history,history_folklore,1,Human-reviewed exact program-context mapping; exact tuple match only.
0.3,kokkoritsu,愛知県立芸術大学,美術学部,デザイン・工芸科 デザイン専攻,デザイン,single,single,single,additive,arts_design,fine_arts_crafts,1,Human-reviewed exact program-context mapping; exact tuple match only.
0.3,kokkoritsu,愛知県立芸術大学,美術学部,デザイン・工芸科 メディア映像専攻,メディア・映像,multi,single,multi,additive,arts_design,fine_arts_crafts,1,Human-reviewed exact program-context mapping; exact tuple match only.
0.3,kokkoritsu,愛知県立芸術大学,美術学部,デザイン・工芸科 メディア映像専攻,メディア・映像,multi,single,multi,additive,arts_design,design,2,Human-reviewed exact program-context mapping; exact tuple match only.
0.3,kokkoritsu,愛知県立芸術大学,美術学部,デザイン・工芸科 陶磁専攻,美術・工芸,single,single,single,additive,arts_design,design,1,Human-reviewed exact program-context mapping; exact tuple match only.
0.3,kokkoritsu,新潟大学,創生学部,創生学修課程 DX共創コース,情報・文理融合,multi,multi,not_applicable,authoritative,information,,1,Human-reviewed exact context membership; final set replaces raw-level membership for this tuple.
0.3,kokkoritsu,新潟大学,創生学部,創生学修課程 DX共創コース,情報・文理融合,multi,multi,not_applicable,authoritative,interdisciplinary,,2,Human-reviewed exact context membership; final set replaces raw-level membership for this tuple.
0.3,kokkoritsu,新潟大学,医学部,保健学科 放射線技術科学専攻,医療・保健,single,single,single,additive,nursing_health,radiological_technology,1,Human-reviewed exact program-context mapping; exact tuple match only.
0.3,kokkoritsu,新潟大学,医学部,保健学科 看護学専攻,医療・保健,single,single,single,additive,nursing_health,nursing,1,Human-reviewed exact program-context mapping; exact tuple match only.
0.3,kokkoritsu,新潟大学,工学部,工学科 人間支援感性科学プログラム,工学・人間科学,multi,multi,not_applicable,authoritative,humanities_social_general,,1,Human-reviewed exact context membership; final set replaces raw-level membership for this tuple.
0.3,kokkoritsu,新潟大学,工学部,工学科 人間支援感性科学プログラム,工学・人間科学,multi,multi,not_applicable,authoritative,engineering,,2,Human-reviewed exact context membership; final set replaces raw-level membership for this tuple.
0.3,kokkoritsu,新潟大学,工学部,工学科 材料科学プログラム,工学,single,single,single,additive,engineering,materials,1,Human-reviewed exact program-context mapping; exact tuple match only.
0.3,kokkoritsu,新潟大学,工学部,工学科 機械システム工学プログラム,工学,single,single,single,additive,engineering,mechanical,1,Human-reviewed exact program-context mapping; exact tuple match only.
0.3,kokkoritsu,新潟大学,工学部,工学科 知能情報システムプログラム,情報,single,single,single,additive,information,software_systems,1,Human-reviewed exact program-context mapping; exact tuple match only.
0.3,kokkoritsu,新潟大学,工学部,工学科 社会基盤工学プログラム,工学,single,single,single,additive,engineering,civil_infrastructure,1,Human-reviewed exact program-context mapping; exact tuple match only.
0.3,kokkoritsu,新潟大学,工学部,工学科 電子情報通信プログラム,工学,single,single,single,additive,engineering,electrical_electronic,1,Human-reviewed exact program-context mapping; exact tuple match only.
0.3,kokkoritsu,新潟大学,理学部,理学科 化学プログラム,理学,single,single,single,additive,natural_sciences,chemistry,1,Human-reviewed exact program-context mapping; exact tuple match only.
0.3,kokkoritsu,新潟大学,理学部,理学科 数学プログラム,理学,single,single,single,additive,natural_sciences,mathematics_statistics,1,Human-reviewed exact program-context mapping; exact tuple match only.
0.3,kokkoritsu,新潟大学,理学部,理学科 物理学プログラム,理学,single,single,single,additive,natural_sciences,physics,1,Human-reviewed exact program-context mapping; exact tuple match only.
0.3,kokkoritsu,新潟大学,理学部,理学科 生物学プログラム,理学,single,single,single,additive,natural_sciences,biology,1,Human-reviewed exact program-context mapping; exact tuple match only.
0.3,kokkoritsu,新潟県立大学,国際地域学部,国際地域学科,国際・語学,single,single,single,additive,international_regional,regional_studies,1,Human-reviewed exact program-context mapping; exact tuple match only.
0.3,kokkoritsu,新潟県立大学,国際経済学部,国際経済学科,経済,single,single,single,additive,economics,international_economics,1,Human-reviewed exact program-context mapping; exact tuple match only.
0.3,kokkoritsu,札幌医科大学,保健医療学部,作業療法学科,医療技術,single,single,single,additive,nursing_health,occupational_therapy,1,Human-reviewed exact program-context mapping; exact tuple match only.
0.3,kokkoritsu,札幌医科大学,保健医療学部,理学療法学科,医療技術,single,single,single,additive,nursing_health,physical_therapy,1,Human-reviewed exact program-context mapping; exact tuple match only.
0.3,kokkoritsu,東京外国語大学,国際日本学部,国際日本学科,人文・社会,single,single,single,additive,international_regional,international_studies,1,Human-reviewed exact program-context mapping; exact tuple match only.
0.3,kokkoritsu,東京外国語大学,国際社会学部,国際社会学科,人文・社会,single,single,single,additive,international_regional,international_studies,1,Human-reviewed exact program-context mapping; exact tuple match only.
0.3,kokkoritsu,東京外国語大学,言語文化学部,言語文化学科,人文・社会,multi,multi,multi,additive,humanities_culture_history,culture,1,Human-reviewed exact program-context mapping; exact tuple match only.
0.3,kokkoritsu,東京外国語大学,言語文化学部,言語文化学科,人文・社会,multi,multi,multi,additive,languages,foreign_languages,2,Human-reviewed exact program-context mapping; exact tuple match only.
0.3,kokkoritsu,東京大学,UTokyo College of Design,UTokyo College of Design,デザイン・文理融合,multi,multi,single,authoritative,arts_design,design,1,Human-reviewed exact context membership; final set replaces raw-level membership for this tuple.
0.3,kokkoritsu,東京大学,UTokyo College of Design,UTokyo College of Design,デザイン・文理融合,multi,multi,single,authoritative,interdisciplinary,,2,Human-reviewed exact context membership; final set replaces raw-level membership for this tuple.
0.3,kokkoritsu,東京大学,経済学部,,社会,single,single,single,additive,economics,economics_general,1,Human-reviewed exact program-context mapping; exact tuple match only.
0.3,kokkoritsu,東京海洋大学,海洋工学部,流通情報工学科,物流・情報,single,single,single,additive,information,computer_science,1,Human-reviewed exact program-context mapping; exact tuple match only.
0.3,kokkoritsu,東京海洋大学,海洋生命科学部,海洋生物資源学科,海洋・生命,single,single,single,additive,agriculture_fisheries,agriculture,1,Human-reviewed exact program-context mapping; exact tuple match only.
0.3,kokkoritsu,東京海洋大学,海洋資源環境学部,海洋環境科学科,海洋・環境,single,single,single,additive,environment,environmental_science,1,Human-reviewed exact program-context mapping; exact tuple match only.
0.3,kokkoritsu,東京科学大学,物質理工学院,,理工,single,single,single,additive,engineering,materials,1,Human-reviewed exact program-context mapping; exact tuple match only.
0.3,kokkoritsu,東京科学大学,生命理工学院,,理工,single,single,single,additive,natural_sciences,biology,1,Human-reviewed exact program-context mapping; exact tuple match only.
0.3,kokkoritsu,東京農工大学,工学部,応用化学科,化学・材料,single,single,single,additive,engineering,chemical_engineering,1,Human-reviewed exact program-context mapping; exact tuple match only.
0.3,kokkoritsu,東京農工大学,工学部,生命工学科,生命工学,single,single,single,additive,life_sciences,biology_biotech,1,Human-reviewed exact program-context mapping; exact tuple match only.
0.3,kokkoritsu,東京農工大学,工学部,知能情報システム工学科,情報・電気電子,single,single,single,additive,information,software_systems,1,Human-reviewed exact program-context mapping; exact tuple match only.
0.3,kokkoritsu,東京農工大学,農学部,地域生態システム学科,農学・環境,single,single,single,additive,environment,ecology_forestry,1,Human-reviewed exact program-context mapping; exact tuple match only.
0.3,kokkoritsu,東京都立大学,システムデザイン学部,インダストリアルアート学科,芸術,single,single,single,additive,arts_design,design,1,Human-reviewed exact program-context mapping; exact tuple match only.
0.3,kokkoritsu,東京都立大学,システムデザイン学部,機械システム工学科,工学,single,single,single,additive,engineering,mechanical,1,Human-reviewed exact program-context mapping; exact tuple match only.
0.3,kokkoritsu,東京都立大学,システムデザイン学部,電気電子工学科,工学,single,single,single,additive,engineering,electrical_electronic,1,Human-reviewed exact program-context mapping; exact tuple match only.
0.3,kokkoritsu,東京都立大学,健康福祉学部,作業療法学科,医療,single,single,single,additive,nursing_health,occupational_therapy,1,Human-reviewed exact program-context mapping; exact tuple match only.
0.3,kokkoritsu,東京都立大学,健康福祉学部,放射線学科,医療,single,single,single,additive,nursing_health,radiological_technology,1,Human-reviewed exact program-context mapping; exact tuple match only.
0.3,kokkoritsu,東京都立大学,健康福祉学部,理学療法学科,医療,single,single,single,additive,nursing_health,physical_therapy,1,Human-reviewed exact program-context mapping; exact tuple match only.
0.3,kokkoritsu,東京都立大学,健康福祉学部,看護学科,医療,single,single,single,additive,nursing_health,nursing,1,Human-reviewed exact program-context mapping; exact tuple match only.
0.3,kokkoritsu,東京都立大学,理学部,化学科,理学,single,single,single,additive,natural_sciences,chemistry,1,Human-reviewed exact program-context mapping; exact tuple match only.
0.3,kokkoritsu,東京都立大学,理学部,数理科学科,理学,single,single,single,additive,natural_sciences,mathematics_statistics,1,Human-reviewed exact program-context mapping; exact tuple match only.
0.3,kokkoritsu,東京都立大学,理学部,物理学科,理学,single,single,single,additive,natural_sciences,physics,1,Human-reviewed exact program-context mapping; exact tuple match only.
0.3,kokkoritsu,東京都立大学,理学部,生命科学科,理学,single,single,single,additive,natural_sciences,biology,1,Human-reviewed exact program-context mapping; exact tuple match only.
0.3,kokkoritsu,東京都立大学,経済経営学部,経済経営学科,社会,multi,multi,multi,additive,economics,economics_general,1,Human-reviewed exact program-context mapping; exact tuple match only.
0.3,kokkoritsu,東京都立大学,経済経営学部,経済経営学科,社会,multi,multi,multi,additive,business_commerce,management,2,Human-reviewed exact program-context mapping; exact tuple match only.
0.3,kokkoritsu,東京都立大学,都市環境学部,環境応用化学科,工学,single,single,single,additive,engineering,chemical_engineering,1,Human-reviewed exact program-context mapping; exact tuple match only.
0.3,kokkoritsu,東京都立大学,都市環境学部,都市政策科学科,社会,single,single,single,additive,law_politics_policy,public_policy_administration,1,Human-reviewed exact program-context mapping; exact tuple match only.
0.3,kokkoritsu,東北公益文科大学,公益学部,公益学科,社会・地域,single,single,single,additive,law_politics_policy,public_policy_administration,1,Human-reviewed exact program-context mapping; exact tuple match only.
0.3,kokkoritsu,東北大学,Gateway College,Gateway College,文理融合・理工,multi,multi,not_applicable,authoritative,natural_sciences,,1,Human-reviewed exact context membership; final set replaces raw-level membership for this tuple.
0.3,kokkoritsu,東北大学,Gateway College,Gateway College,文理融合・理工,multi,multi,not_applicable,authoritative,engineering,,2,Human-reviewed exact context membership; final set replaces raw-level membership for this tuple.
0.3,kokkoritsu,東北大学,Gateway College,Gateway College,文理融合・理工,multi,multi,not_applicable,authoritative,interdisciplinary,,3,Human-reviewed exact context membership; final set replaces raw-level membership for this tuple.
0.3,kokkoritsu,東北大学,ゲートウェイカレッジ,ゲートウェイカレッジ,文理融合・理工,multi,multi,not_applicable,authoritative,natural_sciences,,1,Human-reviewed exact context membership; final set replaces raw-level membership for this tuple.
0.3,kokkoritsu,東北大学,ゲートウェイカレッジ,ゲートウェイカレッジ,文理融合・理工,multi,multi,not_applicable,authoritative,engineering,,2,Human-reviewed exact context membership; final set replaces raw-level membership for this tuple.
0.3,kokkoritsu,東北大学,ゲートウェイカレッジ,ゲートウェイカレッジ,文理融合・理工,multi,multi,not_applicable,authoritative,interdisciplinary,,3,Human-reviewed exact context membership; final set replaces raw-level membership for this tuple.
0.3,kokkoritsu,東北大学,医学部保健学科,放射線技術科学専攻,医療,single,single,single,additive,nursing_health,radiological_technology,1,Human-reviewed exact program-context mapping; exact tuple match only.
0.3,kokkoritsu,東北大学,医学部保健学科,看護学専攻,医療,single,single,single,additive,nursing_health,nursing,1,Human-reviewed exact program-context mapping; exact tuple match only.
0.3,kokkoritsu,東北大学,工学部,材料科学総合学科,工学,single,single,single,additive,engineering,materials,1,Human-reviewed exact program-context mapping; exact tuple match only.
0.3,kokkoritsu,東北大学,工学部,機械知能・航空工学科,工学,single,single,single,additive,engineering,mechanical,1,Human-reviewed exact program-context mapping; exact tuple match only.
0.3,kokkoritsu,東北大学,工学部,電気情報物理工学科,工学,single,single,single,additive,engineering,electrical_electronic,1,Human-reviewed exact program-context mapping; exact tuple match only.
0.3,kokkoritsu,東北大学,理学部,化学系,理学,single,single,single,additive,natural_sciences,chemistry,1,Human-reviewed exact program-context mapping; exact tuple match only.
0.3,kokkoritsu,東北大学,理学部,地圏環境科学科・地球惑星物質科学科,地球科学,single,single,single,authoritative,natural_sciences,earth_space_science,1,Human-reviewed exact context membership; final set replaces raw-level membership for this tuple.
0.3,kokkoritsu,東北大学,理学部,地球科学系,地球科学,single,single,single,authoritative,natural_sciences,earth_space_science,1,Human-reviewed exact context membership; final set replaces raw-level membership for this tuple.
0.3,kokkoritsu,東北大学,理学部,地球科学系,理学,single,single,single,additive,natural_sciences,earth_space_science,1,Human-reviewed exact program-context mapping; exact tuple match only.
0.3,kokkoritsu,東北大学,理学部,数学系,理学,single,single,single,additive,natural_sciences,mathematics_statistics,1,Human-reviewed exact program-context mapping; exact tuple match only.
0.3,kokkoritsu,東北大学,理学部,物理系,理学,single,single,single,additive,natural_sciences,physics,1,Human-reviewed exact program-context mapping; exact tuple match only.
0.3,kokkoritsu,東北大学,理学部,生物系,理学,single,single,single,additive,natural_sciences,biology,1,Human-reviewed exact program-context mapping; exact tuple match only.
0.3,kokkoritsu,東北大学,薬学部,薬学科・創薬科学科,医歯薬,multi,single,multi,additive,pharmacy,pharmacy_six_year,1,Human-reviewed exact program-context mapping; exact tuple match only.
0.3,kokkoritsu,東北大学,薬学部,薬学科・創薬科学科,医歯薬,multi,single,multi,additive,pharmacy,pharmaceutical_science_drug_discovery,2,Human-reviewed exact program-context mapping; exact tuple match only.
0.3,kokkoritsu,東北農林専門職大学,農林業経営学部,森林業経営学科,農学・生命,single,single,single,additive,agriculture_fisheries,forestry_resources,1,Human-reviewed exact program-context mapping; exact tuple match only.
0.3,kokkoritsu,横浜国立大学,理工学部,化学・生命系学科（化学・化学応用・バイオ系教育プログラム）,理学・工学,multi,multi,multi,additive,natural_sciences,chemistry,1,Human-reviewed exact program-context mapping; exact tuple match only.
0.3,kokkoritsu,横浜国立大学,理工学部,化学・生命系学科（化学・化学応用・バイオ系教育プログラム）,理学・工学,multi,multi,multi,additive,natural_sciences,biology,2,Human-reviewed exact program-context mapping; exact tuple match only.
0.3,kokkoritsu,横浜国立大学,理工学部,化学・生命系学科（化学・化学応用・バイオ系教育プログラム）,理学・工学,multi,multi,multi,additive,life_sciences,biotechnology,3,Human-reviewed exact program-context mapping; exact tuple match only.
0.3,kokkoritsu,横浜国立大学,理工学部,数物・電子情報系学科 電子情報システム教育プログラム,工学・情報,multi,multi,multi,additive,engineering,electrical_electronic,1,Human-reviewed exact program-context mapping; exact tuple match only.
0.3,kokkoritsu,横浜国立大学,理工学部,数物・電子情報系学科 電子情報システム教育プログラム,工学・情報,multi,multi,multi,additive,information,software_systems,2,Human-reviewed exact program-context mapping; exact tuple match only.
0.3,kokkoritsu,横浜国立大学,理工学部,機械・材料・海洋系学科 材料工学教育プログラム,工学,multi,single,multi,additive,engineering,mechanical,1,Human-reviewed exact program-context mapping; exact tuple match only.
0.3,kokkoritsu,横浜国立大学,理工学部,機械・材料・海洋系学科 材料工学教育プログラム,工学,multi,single,multi,additive,engineering,materials,2,Human-reviewed exact program-context mapping; exact tuple match only.
0.3,kokkoritsu,横浜国立大学,理工学部,機械・材料・海洋系学科 海洋空間のシステムデザイン教育プログラム,工学,multi,single,multi,additive,engineering,mechanical,1,Human-reviewed exact program-context mapping; exact tuple match only.
0.3,kokkoritsu,横浜国立大学,理工学部,機械・材料・海洋系学科 海洋空間のシステムデザイン教育プログラム,工学,multi,single,multi,additive,engineering,materials,2,Human-reviewed exact program-context mapping; exact tuple match only.
0.3,kokkoritsu,横浜市立大学,データサイエンス学部,データサイエンス学科,情報,single,single,single,additive,information,data_science_statistics,1,Human-reviewed exact program-context mapping; exact tuple match only.
0.3,kokkoritsu,横浜市立大学,国際商学部,国際商学科,経営,single,single,single,additive,business_commerce,commerce,1,Human-reviewed exact program-context mapping; exact tuple match only.
0.3,kokkoritsu,横浜市立大学,国際商学部,国際商学科,経営・商学,multi,single,multi,authoritative,business_commerce,management,1,Human-reviewed exact context membership; final set replaces raw-level membership for this tuple.
0.3,kokkoritsu,横浜市立大学,国際商学部,国際商学科,経営・商学,multi,single,multi,authoritative,business_commerce,commerce,2,Human-reviewed exact context membership; final set replaces raw-level membership for this tuple.
0.3,kokkoritsu,沖縄県立芸術大学,美術工芸学部,デザイン工芸学科 デザイン専攻,芸術・デザイン,single,single,single,additive,arts_design,fine_arts_crafts,1,Human-reviewed exact program-context mapping; exact tuple match only.
0.3,kokkoritsu,沖縄県立芸術大学,美術工芸学部,デザイン工芸学科 工芸専攻,芸術・工芸,single,single,single,additive,arts_design,design,1,Human-reviewed exact program-context mapping; exact tuple match only.
0.3,kokkoritsu,滋賀大学,データサイエンス学部,データサイエンス学科,情報,single,single,single,additive,information,data_science_statistics,1,Human-reviewed exact program-context mapping; exact tuple match only.
0.3,kokkoritsu,滋賀県立大学,人間文化学部,人間関係学科,人文・社会,single,single,not_applicable,additive,sociology_community,,1,Human-reviewed exact program-context mapping; exact tuple match only.
0.3,kokkoritsu,滋賀県立大学,人間文化学部,国際コミュニケーション学科,国際,multi,multi,multi,additive,languages,foreign_languages,1,Human-reviewed exact program-context mapping; exact tuple match only.
0.3,kokkoritsu,滋賀県立大学,人間文化学部,国際コミュニケーション学科,国際,multi,multi,multi,additive,media_communication,communication,2,Human-reviewed exact program-context mapping; exact tuple match only.
0.3,kokkoritsu,滋賀県立大学,環境科学部,環境生態学科,環境,single,single,single,additive,environment,ecology_forestry,1,Human-reviewed exact program-context mapping; exact tuple match only.
0.3,kokkoritsu,滋賀県立大学,環境科学部,環境社会システム学科,環境・社会,single,single,single,additive,environment,environmental_science,1,Human-reviewed exact program-context mapping; exact tuple match only.
0.3,kokkoritsu,滋賀県立大学,環境科学部,生物資源管理学科,農学・環境,single,single,single,additive,environment,environmental_science,1,Human-reviewed exact program-context mapping; exact tuple match only.
0.3,kokkoritsu,熊本大学,医学部,保健学科 放射線技術科学専攻,医療技術,single,single,single,additive,nursing_health,radiological_technology,1,Human-reviewed exact program-context mapping; exact tuple match only.
0.3,kokkoritsu,熊本大学,工学部,半導体デバイス工学課程,工学,single,single,single,additive,engineering,electrical_electronic,1,Human-reviewed exact program-context mapping; exact tuple match only.
0.3,kokkoritsu,熊本大学,工学部,土木建築学科,工学,multi,multi,multi,additive,engineering,civil_infrastructure,1,Human-reviewed exact program-context mapping; exact tuple match only.
0.3,kokkoritsu,熊本大学,工学部,土木建築学科,工学,multi,multi,multi,additive,architecture_urban,architecture,2,Human-reviewed exact program-context mapping; exact tuple match only.
0.3,kokkoritsu,熊本大学,工学部,材料・応用化学科,工学,multi,single,multi,additive,engineering,materials,1,Human-reviewed exact program-context mapping; exact tuple match only.
0.3,kokkoritsu,熊本大学,工学部,材料・応用化学科,工学,multi,single,multi,additive,engineering,chemical_engineering,2,Human-reviewed exact program-context mapping; exact tuple match only.
0.3,kokkoritsu,熊本大学,工学部,機械数理工学科,工学,single,single,single,additive,engineering,mechanical,1,Human-reviewed exact program-context mapping; exact tuple match only.
0.3,kokkoritsu,熊本大学,薬学部,創薬・生命薬科学科,薬学,single,single,single,additive,pharmacy,pharmaceutical_science_drug_discovery,1,Human-reviewed exact program-context mapping; exact tuple match only.
0.3,kokkoritsu,熊本大学,薬学部,薬学科,薬学,single,single,single,additive,pharmacy,pharmacy_six_year,1,Human-reviewed exact program-context mapping; exact tuple match only.
0.3,kokkoritsu,熊本県立大学,文学部,グローバル・スタディーズ学科,外国語・国際,single,single,single,additive,international_regional,global_studies,1,Human-reviewed exact program-context mapping; exact tuple match only.
0.3,kokkoritsu,熊本県立大学,文学部,日本語日本文学科,人文,multi,multi,multi,additive,humanities_culture_history,literature,1,Human-reviewed exact program-context mapping; exact tuple match only.
0.3,kokkoritsu,熊本県立大学,文学部,日本語日本文学科,人文,multi,multi,multi,additive,languages,japanese_language,2,Human-reviewed exact program-context mapping; exact tuple match only.
0.3,kokkoritsu,琉球大学,人文社会学部,人間社会学科 哲学プログラム,人文・社会,single,single,single,additive,humanities_culture_history,philosophy_thought,1,Human-reviewed exact program-context mapping; exact tuple match only.
0.3,kokkoritsu,琉球大学,人文社会学部,人間社会学科 心理学プログラム,人文・社会,single,single,single,additive,psychology,psychology_general,1,Human-reviewed exact program-context mapping; exact tuple match only.
0.3,kokkoritsu,琉球大学,人文社会学部,人間社会学科 社会学プログラム,人文・社会,single,single,single,additive,sociology_community,sociology,1,Human-reviewed exact program-context mapping; exact tuple match only.
0.3,kokkoritsu,琉球大学,人文社会学部,国際法政学科 政治・国際関係学プログラム,法学,multi,multi,multi,additive,law_politics_policy,politics,1,Human-reviewed exact program-context mapping; exact tuple match only.
0.3,kokkoritsu,琉球大学,人文社会学部,国際法政学科 政治・国際関係学プログラム,法学,multi,multi,multi,additive,international_regional,international_studies,2,Human-reviewed exact program-context mapping; exact tuple match only.
0.3,kokkoritsu,琉球大学,人文社会学部,琉球アジア文化学科,人文・社会,single,single,single,additive,humanities_culture_history,culture,1,Human-reviewed exact program-context mapping; exact tuple match only.
0.3,kokkoritsu,琉球大学,国際地域創造学部,国際地域創造学科（夜間主）,社会・地域,single,single,single,additive,international_regional,regional_studies,1,Human-reviewed exact program-context mapping; exact tuple match only.
0.3,kokkoritsu,琉球大学,国際地域創造学部,国際地域創造学科（昼間主）,社会・地域,single,single,single,additive,international_regional,regional_studies,1,Human-reviewed exact program-context mapping; exact tuple match only.
0.3,kokkoritsu,琉球大学,工学部,工学科 エネルギー機械工学コース,工学,multi,single,multi,additive,engineering,mechanical,1,Human-reviewed exact program-context mapping; exact tuple match only.
0.3,kokkoritsu,琉球大学,工学部,工学科 エネルギー機械工学コース,工学,multi,single,multi,additive,engineering,nuclear_energy,2,Human-reviewed exact program-context mapping; exact tuple match only.
0.3,kokkoritsu,琉球大学,工学部,工学科 機械工学コース,工学,single,single,single,additive,engineering,mechanical,1,Human-reviewed exact program-context mapping; exact tuple match only.
0.3,kokkoritsu,琉球大学,工学部,工学科 社会基盤デザインコース,工学,single,single,single,additive,engineering,civil_infrastructure,1,Human-reviewed exact program-context mapping; exact tuple match only.
0.3,kokkoritsu,琉球大学,工学部,工学科 電子情報通信コース,工学,single,single,single,additive,engineering,electrical_electronic,1,Human-reviewed exact program-context mapping; exact tuple match only.
0.3,kokkoritsu,琉球大学,工学部,工学科 電気システム工学コース,工学,single,single,single,additive,engineering,electrical_electronic,1,Human-reviewed exact program-context mapping; exact tuple match only.
0.3,kokkoritsu,琉球大学,理学部,海洋自然科学科 化学系,理学,single,single,single,additive,natural_sciences,chemistry,1,Human-reviewed exact program-context mapping; exact tuple match only.
0.3,kokkoritsu,琉球大学,理学部,海洋自然科学科 生物系,理学,single,single,single,additive,natural_sciences,biology,1,Human-reviewed exact program-context mapping; exact tuple match only.
0.3,kokkoritsu,琉球大学,理学部,物質地球科学科 地球環境系,理学,single,single,single,additive,natural_sciences,earth_space_science,1,Human-reviewed exact program-context mapping; exact tuple match only.
0.3,kokkoritsu,琉球大学,理学部,物質地球科学科 物理系,理学,multi,single,multi,additive,natural_sciences,physics,1,Human-reviewed exact program-context mapping; exact tuple match only.
0.3,kokkoritsu,琉球大学,理学部,物質地球科学科 物理系,理学,multi,single,multi,additive,natural_sciences,earth_space_science,2,Human-reviewed exact program-context mapping; exact tuple match only.
0.3,kokkoritsu,県立広島大学,生物資源科学部,生命環境学科 環境科学コース,環境科学,single,single,single,additive,natural_sciences,biology,1,Human-reviewed exact program-context mapping; exact tuple match only.
0.3,kokkoritsu,石川県立大学,生物資源環境学部,環境科学科,環境科学,single,single,single,additive,natural_sciences,biology,1,Human-reviewed exact program-context mapping; exact tuple match only.
0.3,kokkoritsu,神奈川県立保健福祉大学,保健福祉学部,リハビリテーション学科 作業療法学専攻,医療・リハビリ,single,single,single,additive,nursing_health,occupational_therapy,1,Human-reviewed exact program-context mapping; exact tuple match only.
0.3,kokkoritsu,神奈川県立保健福祉大学,保健福祉学部,リハビリテーション学科 理学療法学専攻,医療・リハビリ,single,single,single,additive,nursing_health,physical_therapy,1,Human-reviewed exact program-context mapping; exact tuple match only.
0.3,kokkoritsu,神戸大学,医学部保健学科,作業療法学専攻,保健・医療,single,single,single,additive,nursing_health,occupational_therapy,1,Human-reviewed exact program-context mapping; exact tuple match only.
0.3,kokkoritsu,神戸大学,医学部保健学科,理学療法学専攻,保健・医療,single,single,single,additive,nursing_health,physical_therapy,1,Human-reviewed exact program-context mapping; exact tuple match only.
0.3,kokkoritsu,神戸大学,医学部保健学科,看護学専攻,保健・医療,single,single,single,additive,nursing_health,nursing,1,Human-reviewed exact program-context mapping; exact tuple match only.
0.3,kokkoritsu,神戸大学,国際人間科学部,発達コミュニティ学科,人間科学,single,single,not_applicable,authoritative,humanities_social_general,,1,Human-reviewed exact context membership; final set replaces raw-level membership for this tuple.
0.3,kokkoritsu,神戸大学,国際人間科学部,発達コミュニティ学科,体育・芸術,multi,multi,not_applicable,authoritative,arts_design,,1,Human-reviewed exact context membership; final set replaces raw-level membership for this tuple.
0.3,kokkoritsu,神戸大学,国際人間科学部,発達コミュニティ学科,体育・芸術,multi,multi,not_applicable,authoritative,sports,,2,Human-reviewed exact context membership; final set replaces raw-level membership for this tuple.
0.3,kokkoritsu,神戸大学,理学部,惑星学科,地球科学,single,single,single,authoritative,natural_sciences,earth_space_science,1,Human-reviewed exact context membership; final set replaces raw-level membership for this tuple.
0.3,kokkoritsu,福井大学,国際地域学部,国際地域学科,国際,multi,single,multi,additive,international_regional,international_studies,1,Human-reviewed exact program-context mapping; exact tuple match only.
0.3,kokkoritsu,福井大学,国際地域学部,国際地域学科,国際,multi,single,multi,additive,international_regional,regional_studies,2,Human-reviewed exact program-context mapping; exact tuple match only.
0.3,kokkoritsu,福井大学,工学部,応用物理学科,理工,single,single,single,additive,natural_sciences,physics,1,Human-reviewed exact program-context mapping; exact tuple match only.
0.3,kokkoritsu,福井大学,工学部,機械・システム工学科,エネルギー,single,single,single,additive,engineering,mechanical,1,Human-reviewed exact program-context mapping; exact tuple match only.
0.3,kokkoritsu,福井大学,工学部,機械・システム工学科,工学,single,single,single,additive,engineering,mechanical,1,Human-reviewed exact program-context mapping; exact tuple match only.
0.3,kokkoritsu,福井大学,工学部,電気電子情報工学科,情報・電気電子,single,single,single,additive,information,computer_science,1,Human-reviewed exact program-context mapping; exact tuple match only.
0.3,kokkoritsu,福井県立大学,海洋生物資源学部,先端増養殖科学科,海洋・水産,single,single,single,additive,agriculture_fisheries,agriculture,1,Human-reviewed exact program-context mapping; exact tuple match only.
0.3,kokkoritsu,福井県立大学,海洋生物資源学部,海洋生物資源学科,海洋・水産,single,single,single,additive,agriculture_fisheries,agriculture,1,Human-reviewed exact program-context mapping; exact tuple match only.
0.3,kokkoritsu,福山市立大学,情報工学部,情報工学科,情報・工学,single,single,single,additive,information,computer_science,1,Human-reviewed exact program-context mapping; exact tuple match only.
0.3,kokkoritsu,福岡県立大学,人間社会学部,公共社会学科,社会・地域,multi,multi,multi,additive,law_politics_policy,public_policy_administration,1,Human-reviewed exact program-context mapping; exact tuple match only.
0.3,kokkoritsu,福岡県立大学,人間社会学部,公共社会学科,社会・地域,multi,multi,multi,additive,sociology_community,sociology,2,Human-reviewed exact program-context mapping; exact tuple match only.
0.3,kokkoritsu,福島大学,政経学部,政経学科,人文・社会,multi,multi,multi,additive,law_politics_policy,politics,1,Human-reviewed exact program-context mapping; exact tuple match only.
0.3,kokkoritsu,福島大学,政経学部,政経学科,人文・社会,multi,multi,multi,additive,economics,economics_general,2,Human-reviewed exact program-context mapping; exact tuple match only.
0.3,kokkoritsu,福島県立医科大学,保健科学部,作業療法学科,医療技術,single,single,single,additive,nursing_health,occupational_therapy,1,Human-reviewed exact program-context mapping; exact tuple match only.
0.3,kokkoritsu,福島県立医科大学,保健科学部,理学療法学科,医療技術,single,single,single,additive,nursing_health,physical_therapy,1,Human-reviewed exact program-context mapping; exact tuple match only.
0.3,kokkoritsu,福島県立医科大学,保健科学部,臨床検査学科,医療技術,single,single,single,additive,nursing_health,clinical_laboratory,1,Human-reviewed exact program-context mapping; exact tuple match only.
0.3,kokkoritsu,福島県立医科大学,保健科学部,診療放射線科学科,医療技術,single,single,single,additive,nursing_health,radiological_technology,1,Human-reviewed exact program-context mapping; exact tuple match only.
0.3,kokkoritsu,秋田公立美術大学,美術学部,美術学科,芸術・デザイン,single,single,single,additive,arts_design,fine_arts_crafts,1,Human-reviewed exact program-context mapping; exact tuple match only.
0.3,kokkoritsu,秋田大学,医学部,保健学科 作業療法学専攻,医療・リハビリ,single,single,single,additive,nursing_health,occupational_therapy,1,Human-reviewed exact program-context mapping; exact tuple match only.
0.3,kokkoritsu,秋田大学,医学部,保健学科 理学療法学専攻,医療・リハビリ,single,single,single,additive,nursing_health,physical_therapy,1,Human-reviewed exact program-context mapping; exact tuple match only.
0.3,kokkoritsu,秋田大学,情報データ科学部,情報データ科学科,情報,single,single,single,additive,information,data_science_statistics,1,Human-reviewed exact program-context mapping; exact tuple match only.
0.3,kokkoritsu,秋田大学,教育文化学部,地域文化学科,人文・社会,single,single,single,additive,humanities_culture_history,culture,1,Human-reviewed exact program-context mapping; exact tuple match only.
0.3,kokkoritsu,秋田大学,総合環境理工学部,応用化学生物学科,理工・情報,multi,multi,multi,additive,natural_sciences,biology,1,Human-reviewed exact program-context mapping; exact tuple match only.
0.3,kokkoritsu,秋田大学,総合環境理工学部,応用化学生物学科,理工・情報,multi,multi,multi,additive,engineering,chemical_engineering,2,Human-reviewed exact program-context mapping; exact tuple match only.
0.3,kokkoritsu,秋田大学,総合環境理工学部,環境数物科学科 数理科学・地球環境学コース,理工・情報,multi,single,multi,additive,natural_sciences,mathematics_statistics,1,Human-reviewed exact program-context mapping; exact tuple match only.
0.3,kokkoritsu,秋田大学,総合環境理工学部,環境数物科学科 数理科学・地球環境学コース,理工・情報,multi,single,multi,additive,natural_sciences,earth_space_science,2,Human-reviewed exact program-context mapping; exact tuple match only.
0.3,kokkoritsu,秋田大学,総合環境理工学部,環境数物科学科 機能デバイス物理コース,理工・情報,single,single,single,additive,natural_sciences,physics,1,Human-reviewed exact program-context mapping; exact tuple match only.
0.3,kokkoritsu,秋田大学,総合環境理工学部,社会システム工学科 社会基盤コース,理工・情報,single,single,single,additive,engineering,civil_infrastructure,1,Human-reviewed exact program-context mapping; exact tuple match only.
0.3,kokkoritsu,秋田大学,総合環境理工学部,社会システム工学科 電気システムコース,理工・情報,single,single,single,additive,engineering,electrical_electronic,1,Human-reviewed exact program-context mapping; exact tuple match only.
0.3,kokkoritsu,秋田県立大学,システム科学技術学部,機械工学科,工学,single,single,single,additive,engineering,mechanical,1,Human-reviewed exact program-context mapping; exact tuple match only.
0.3,kokkoritsu,秋田県立大学,生物資源科学部,アグリビジネス学科,農学・生命,single,single,single,additive,agriculture_fisheries,agricultural_economics_business,1,Human-reviewed exact program-context mapping; exact tuple match only.
0.3,kokkoritsu,筑波大学,人文・文化学群,日本語・日本文化学類,人文,single,single,single,additive,humanities_culture_history,culture,1,Human-reviewed exact program-context mapping; exact tuple match only.
0.3,kokkoritsu,筑波大学,人文・文化学群,比較文化学類,人文,single,single,single,additive,humanities_culture_history,culture,1,Human-reviewed exact program-context mapping; exact tuple match only.
0.3,kokkoritsu,筑波大学,人間学群,障害科学類,福祉・教育,multi,multi,single,authoritative,education_childcare,education_support,1,Human-reviewed exact context membership; final set replaces raw-level membership for this tuple.
0.3,kokkoritsu,筑波大学,人間学群,障害科学類,福祉・教育,multi,multi,single,authoritative,welfare,,2,Human-reviewed exact context membership; final set replaces raw-level membership for this tuple.
0.3,kokkoritsu,筑波大学,医学群,看護学類,医療,single,single,single,additive,nursing_health,nursing,1,Human-reviewed exact program-context mapping; exact tuple match only.
0.3,kokkoritsu,筑波大学,情報学群,情報メディア創成学類,情報,single,single,single,additive,information,media_information,1,Human-reviewed exact program-context mapping; exact tuple match only.
0.3,kokkoritsu,筑波大学,理工学群,化学類,理学,single,single,single,additive,natural_sciences,chemistry,1,Human-reviewed exact program-context mapping; exact tuple match only.
0.3,kokkoritsu,筑波大学,理工学群,数学類,理学,single,single,single,additive,natural_sciences,mathematics_statistics,1,Human-reviewed exact program-context mapping; exact tuple match only.
0.3,kokkoritsu,筑波大学,理工学群,物理学類,理学,single,single,single,additive,natural_sciences,physics,1,Human-reviewed exact program-context mapping; exact tuple match only.
0.3,kokkoritsu,筑波大学,生命環境学群,地球学類,地球科学,single,single,single,authoritative,natural_sciences,earth_space_science,1,Human-reviewed exact context membership; final set replaces raw-level membership for this tuple.
0.3,kokkoritsu,筑波大学,生命環境学群,地球学類,理学,multi,single,multi,additive,natural_sciences,biology,1,Human-reviewed exact program-context mapping; exact tuple match only.
0.3,kokkoritsu,筑波大学,生命環境学群,地球学類,理学,multi,single,multi,additive,natural_sciences,earth_space_science,2,Human-reviewed exact program-context mapping; exact tuple match only.
0.3,kokkoritsu,筑波大学,生命環境学群,生物学類,理学,single,single,single,additive,natural_sciences,biology,1,Human-reviewed exact program-context mapping; exact tuple match only.
0.3,kokkoritsu,筑波大学,社会・国際学群,国際総合学類,社会,single,single,single,additive,international_regional,international_studies,1,Human-reviewed exact program-context mapping; exact tuple match only.
0.3,kokkoritsu,筑波大学,社会・国際学群,社会学類,社会,single,single,single,additive,sociology_community,sociology,1,Human-reviewed exact program-context mapping; exact tuple match only.
0.3,kokkoritsu,筑波技術大学,保健科学部,保健学科（鍼灸・理学療法・健康スポーツ）,情報・医療,single,single,single,additive,nursing_health,physical_therapy,1,Human-reviewed exact program-context mapping; exact tuple match only.
0.3,kokkoritsu,筑波技術大学,保健科学部,情報システム学科,情報・医療,single,single,single,additive,information,software_systems,1,Human-reviewed exact program-context mapping; exact tuple match only.
0.3,kokkoritsu,群馬大学,共同教育学部,数学専攻,教育・数学,multi,multi,multi,authoritative,education_childcare,science_math_education,1,Human-reviewed exact context membership; final set replaces raw-level membership for this tuple.
0.3,kokkoritsu,群馬大学,共同教育学部,数学専攻,教育・数学,multi,multi,multi,authoritative,natural_sciences,mathematics_statistics,2,Human-reviewed exact context membership; final set replaces raw-level membership for this tuple.
0.3,kokkoritsu,群馬大学,共同教育学部,理科専攻,教育・理科,multi,multi,single,authoritative,education_childcare,science_math_education,1,Human-reviewed exact context membership; final set replaces raw-level membership for this tuple.
0.3,kokkoritsu,群馬大学,共同教育学部,理科専攻,教育・理科,multi,multi,single,authoritative,natural_sciences,,2,Human-reviewed exact context membership; final set replaces raw-level membership for this tuple.
0.3,kokkoritsu,群馬大学,共同教育学部,美術専攻,教育・芸術,multi,multi,single,authoritative,education_childcare,,1,Human-reviewed exact context membership; final set replaces raw-level membership for this tuple.
0.3,kokkoritsu,群馬大学,共同教育学部,美術専攻,教育・芸術,multi,multi,single,authoritative,arts_design,fine_arts_crafts,2,Human-reviewed exact context membership; final set replaces raw-level membership for this tuple.
0.3,kokkoritsu,群馬大学,医学部保健学科,作業療法学専攻,医療,single,single,single,additive,nursing_health,occupational_therapy,1,Human-reviewed exact program-context mapping; exact tuple match only.
0.3,kokkoritsu,群馬大学,医学部保健学科,理学療法学専攻,医療,single,single,single,additive,nursing_health,physical_therapy,1,Human-reviewed exact program-context mapping; exact tuple match only.
0.3,kokkoritsu,群馬大学,医学部保健学科,看護学専攻,医療,single,single,single,additive,nursing_health,nursing,1,Human-reviewed exact program-context mapping; exact tuple match only.
0.3,kokkoritsu,群馬大学,理工学部,物質・環境類,理工,single,single,single,additive,engineering,materials,1,Human-reviewed exact program-context mapping; exact tuple match only.
0.3,kokkoritsu,群馬大学,理工学部,電子・機械類,理工,multi,single,multi,additive,engineering,mechanical,1,Human-reviewed exact program-context mapping; exact tuple match only.
0.3,kokkoritsu,群馬大学,理工学部,電子・機械類,理工,multi,single,multi,additive,engineering,electrical_electronic,2,Human-reviewed exact program-context mapping; exact tuple match only.
0.3,kokkoritsu,群馬県立女子大学,文学部,英米文化学科,文学・英語,single,single,single,additive,humanities_culture_history,culture,1,Human-reviewed exact program-context mapping; exact tuple match only.
0.3,kokkoritsu,群馬県立県民健康科学大学,診療放射線学部,診療放射線学科,医療技術,single,single,single,additive,nursing_health,radiological_technology,1,Human-reviewed exact program-context mapping; exact tuple match only.
0.3,kokkoritsu,茨城大学,人文社会科学部,人間文化学科,人文・社会,single,single,single,additive,humanities_culture_history,culture,1,Human-reviewed exact program-context mapping; exact tuple match only.
0.3,kokkoritsu,茨城大学,人文社会科学部,法律経済学科,人文・社会,multi,multi,multi,additive,law_politics_policy,law,1,Human-reviewed exact program-context mapping; exact tuple match only.
0.3,kokkoritsu,茨城大学,人文社会科学部,法律経済学科,人文・社会,multi,multi,multi,additive,economics,economics_general,2,Human-reviewed exact program-context mapping; exact tuple match only.
0.3,kokkoritsu,茨城大学,人文社会科学部,現代社会学科,人文・社会,single,single,single,additive,sociology_community,sociology,1,Human-reviewed exact program-context mapping; exact tuple match only.
0.3,kokkoritsu,茨城大学,工学部,情報工学科,工学・情報,single,single,single,additive,information,computer_science,1,Human-reviewed exact program-context mapping; exact tuple match only.
0.3,kokkoritsu,茨城大学,工学部,機械システム工学科,工学・情報,single,single,single,additive,engineering,mechanical,1,Human-reviewed exact program-context mapping; exact tuple match only.
0.3,kokkoritsu,茨城大学,工学部,物質科学工学科,工学・情報,single,single,single,additive,engineering,materials,1,Human-reviewed exact program-context mapping; exact tuple match only.
0.3,kokkoritsu,茨城大学,工学部,電気電子システム工学科,工学・情報,single,single,single,additive,engineering,electrical_electronic,1,Human-reviewed exact program-context mapping; exact tuple match only.
0.3,kokkoritsu,茨城大学,理学部,理学科 化学コース,理学,single,single,single,additive,natural_sciences,chemistry,1,Human-reviewed exact program-context mapping; exact tuple match only.
0.3,kokkoritsu,茨城大学,理学部,理学科 地球環境科学コース,理学,single,single,single,additive,natural_sciences,earth_space_science,1,Human-reviewed exact program-context mapping; exact tuple match only.
0.3,kokkoritsu,茨城大学,理学部,理学科 数学・情報数理コース,理学,single,single,single,additive,natural_sciences,mathematics_statistics,1,Human-reviewed exact program-context mapping; exact tuple match only.
0.3,kokkoritsu,茨城大学,理学部,理学科 物理学コース,理学,single,single,single,additive,natural_sciences,physics,1,Human-reviewed exact program-context mapping; exact tuple match only.
0.3,kokkoritsu,茨城大学,理学部,理学科 生物科学コース,理学,single,single,single,additive,natural_sciences,biology,1,Human-reviewed exact program-context mapping; exact tuple match only.
0.3,kokkoritsu,茨城県立医療大学,保健医療学部,作業療法学科,医療技術,single,single,single,additive,nursing_health,occupational_therapy,1,Human-reviewed exact program-context mapping; exact tuple match only.
0.3,kokkoritsu,茨城県立医療大学,保健医療学部,放射線技術科学科,医療技術,single,single,single,additive,nursing_health,radiological_technology,1,Human-reviewed exact program-context mapping; exact tuple match only.
0.3,kokkoritsu,茨城県立医療大学,保健医療学部,理学療法学科,医療技術,single,single,single,additive,nursing_health,physical_therapy,1,Human-reviewed exact program-context mapping; exact tuple match only.
0.3,kokkoritsu,都留文科大学,教養学部,地域社会学科,社会・地域,single,single,single,additive,sociology_community,sociology,1,Human-reviewed exact program-context mapping; exact tuple match only.
0.3,kokkoritsu,都留文科大学,教養学部,比較文化学科,人文・社会,single,single,single,additive,humanities_culture_history,culture,1,Human-reviewed exact program-context mapping; exact tuple match only.
0.3,kokkoritsu,都留文科大学,文学部,国文学科,人文・社会,multi,multi,multi,additive,humanities_culture_history,literature,1,Human-reviewed exact program-context mapping; exact tuple match only.
0.3,kokkoritsu,都留文科大学,文学部,国文学科,人文・社会,multi,multi,multi,additive,languages,japanese_language,2,Human-reviewed exact program-context mapping; exact tuple match only.
0.3,kokkoritsu,金沢大学,人間社会学域,国際学類,国際,single,single,single,additive,international_regional,international_studies,1,Human-reviewed exact program-context mapping; exact tuple match only.
0.3,kokkoritsu,金沢大学,人間社会学域,地域創造学類,地域,single,single,single,authoritative,sociology_community,community_regional_society,1,Human-reviewed exact context membership; final set replaces raw-level membership for this tuple.
0.3,kokkoritsu,金沢大学,医薬保健学域,保健学類 作業療法学専攻,医療・保健,single,single,single,additive,nursing_health,occupational_therapy,1,Human-reviewed exact program-context mapping; exact tuple match only.
0.3,kokkoritsu,金沢大学,医薬保健学域,保健学類 放射線技術科学専攻,医療・保健,single,single,single,additive,nursing_health,radiological_technology,1,Human-reviewed exact program-context mapping; exact tuple match only.
0.3,kokkoritsu,金沢大学,医薬保健学域,保健学類 理学療法学専攻,医療・保健,single,single,single,additive,nursing_health,physical_therapy,1,Human-reviewed exact program-context mapping; exact tuple match only.
0.3,kokkoritsu,金沢大学,医薬保健学域,保健学類 看護学専攻,医療・保健,single,single,single,additive,nursing_health,nursing,1,Human-reviewed exact program-context mapping; exact tuple match only.
0.3,kokkoritsu,金沢大学,医薬保健学域,医薬科学類,医薬,multi,multi,not_applicable,authoritative,medicine,,1,Human-reviewed exact context membership; final set replaces raw-level membership for this tuple.
0.3,kokkoritsu,金沢大学,医薬保健学域,医薬科学類,医薬,multi,multi,not_applicable,authoritative,pharmacy,,2,Human-reviewed exact context membership; final set replaces raw-level membership for this tuple.
0.3,kokkoritsu,金沢大学,医薬保健学域,医薬科学類,生命科学・薬学,single,single,single,additive,pharmacy,pharmaceutical_science_drug_discovery,1,Human-reviewed exact program-context mapping; exact tuple match only.
0.3,kokkoritsu,金沢大学,理工学域,地球社会基盤学類 地球惑星科学コース,地球科学,single,single,single,authoritative,natural_sciences,earth_space_science,1,Human-reviewed exact context membership; final set replaces raw-level membership for this tuple.
0.3,kokkoritsu,金沢大学,理工学域,電子情報通信学類,情報・電気電子,single,single,single,additive,information,networks_communications,1,Human-reviewed exact program-context mapping; exact tuple match only.
0.3,kokkoritsu,金沢大学,融合学域,スマート創成科学類,情報・文理融合,multi,multi,not_applicable,authoritative,information,,1,Human-reviewed exact context membership; final set replaces raw-level membership for this tuple.
0.3,kokkoritsu,金沢大学,融合学域,スマート創成科学類,情報・文理融合,multi,multi,not_applicable,authoritative,interdisciplinary,,2,Human-reviewed exact context membership; final set replaces raw-level membership for this tuple.
0.3,kokkoritsu,金沢大学,融合学域,観光デザイン学類,地域デザイン,single,single,not_applicable,authoritative,tourism_hospitality,,1,Human-reviewed exact program-context mapping; exact tuple match only.
0.3,kokkoritsu,金沢美術工芸大学,美術工芸学部,デザイン科 インダストリアルデザイン専攻,芸術・デザイン,single,single,single,additive,arts_design,fine_arts_crafts,1,Human-reviewed exact program-context mapping; exact tuple match only.
0.3,kokkoritsu,金沢美術工芸大学,美術工芸学部,工芸科,芸術・デザイン,single,single,single,additive,arts_design,fine_arts_crafts,1,Human-reviewed exact program-context mapping; exact tuple match only.
0.3,kokkoritsu,金沢美術工芸大学,美術工芸学部,美術科 芸術学専攻,芸術・デザイン,single,single,single,additive,arts_design,fine_arts_crafts,1,Human-reviewed exact program-context mapping; exact tuple match only.
0.3,kokkoritsu,長岡技術科学大学,工学部,機械工学分野,工学,single,single,single,additive,engineering,mechanical,1,Human-reviewed exact program-context mapping; exact tuple match only.
0.3,kokkoritsu,長岡技術科学大学,工学部,物質生物工学分野,工学,multi,multi,multi,additive,engineering,materials,1,Human-reviewed exact program-context mapping; exact tuple match only.
0.3,kokkoritsu,長岡技術科学大学,工学部,物質生物工学分野,工学,multi,multi,multi,additive,life_sciences,biotechnology,2,Human-reviewed exact program-context mapping; exact tuple match only.
0.3,kokkoritsu,長岡技術科学大学,工学部,環境社会基盤工学分野,工学,single,single,single,additive,engineering,civil_infrastructure,1,Human-reviewed exact program-context mapping; exact tuple match only.
0.3,kokkoritsu,長岡技術科学大学,工学部,電気電子情報工学分野,工学,multi,multi,multi,additive,engineering,electrical_electronic,1,Human-reviewed exact program-context mapping; exact tuple match only.
0.3,kokkoritsu,長岡技術科学大学,工学部,電気電子情報工学分野,工学,multi,multi,multi,additive,information,computer_science,2,Human-reviewed exact program-context mapping; exact tuple match only.
0.3,kokkoritsu,長岡造形大学,造形学部,美術・工芸学科,芸術・デザイン,single,single,single,additive,arts_design,fine_arts_crafts,1,Human-reviewed exact program-context mapping; exact tuple match only.
0.3,kokkoritsu,長崎大学,医学部,保健学科 作業療法学専攻,医療技術,single,single,single,additive,nursing_health,occupational_therapy,1,Human-reviewed exact program-context mapping; exact tuple match only.
0.3,kokkoritsu,長崎大学,医学部,保健学科 理学療法学専攻,医療技術,single,single,single,additive,nursing_health,physical_therapy,1,Human-reviewed exact program-context mapping; exact tuple match only.
0.3,kokkoritsu,長崎大学,多文化社会学部,多文化社会学科,人文・社会,multi,multi,multi,additive,humanities_culture_history,culture,1,Human-reviewed exact program-context mapping; exact tuple match only.
0.3,kokkoritsu,長崎大学,多文化社会学部,多文化社会学科,人文・社会,multi,multi,multi,additive,international_regional,international_studies,2,Human-reviewed exact program-context mapping; exact tuple match only.
0.3,kokkoritsu,長崎大学,工学部,工学科 化学・物質工学コース,工学,single,single,single,additive,engineering,materials,1,Human-reviewed exact program-context mapping; exact tuple match only.
0.3,kokkoritsu,長崎大学,工学部,工学科 機械工学コース,工学,single,single,single,additive,engineering,mechanical,1,Human-reviewed exact program-context mapping; exact tuple match only.
0.3,kokkoritsu,長崎大学,工学部,工学科 電気電子工学コース,工学,single,single,single,additive,engineering,electrical_electronic,1,Human-reviewed exact program-context mapping; exact tuple match only.
0.3,kokkoritsu,長崎大学,情報データ科学部,情報データ科学科,情報,single,single,single,additive,information,data_science_statistics,1,Human-reviewed exact program-context mapping; exact tuple match only.
0.3,kokkoritsu,長崎大学,薬学部,薬学科,薬学,single,single,single,additive,pharmacy,pharmacy_six_year,1,Human-reviewed exact program-context mapping; exact tuple match only.
0.3,kokkoritsu,長崎大学,薬学部,薬科学科,薬学,single,single,single,additive,pharmacy,pharmaceutical_science_drug_discovery,1,Human-reviewed exact program-context mapping; exact tuple match only.
0.3,kokkoritsu,長崎県立大学,情報システム学部,情報システム学科,情報,single,single,single,additive,information,software_systems,1,Human-reviewed exact program-context mapping; exact tuple match only.
0.3,kokkoritsu,長崎県立大学,情報システム学部,情報セキュリティ学科,情報,single,single,single,additive,information,software_systems,1,Human-reviewed exact program-context mapping; exact tuple match only.
0.3,kokkoritsu,電気通信大学,情報理工学域,Ⅰ類（情報系）／コンピュータサイエンスプログラム,情報・理工,single,single,single,additive,information,computer_science,1,Human-reviewed exact program-context mapping; exact tuple match only.
0.3,kokkoritsu,電気通信大学,情報理工学域,Ⅰ類（情報系）／デザイン思考・データサイエンスプログラム,情報・理工,single,single,single,additive,information,data_science_statistics,1,Human-reviewed exact program-context mapping; exact tuple match only.
0.3,kokkoritsu,電気通信大学,情報理工学域,Ⅰ類（情報系）／メディア情報学プログラム,情報・理工,single,single,single,additive,information,media_information,1,Human-reviewed exact program-context mapping; exact tuple match only.
0.3,kokkoritsu,電気通信大学,情報理工学域,Ⅰ類（情報系）／情報数理工学プログラム,情報・理工,single,single,single,additive,natural_sciences,mathematics_statistics,1,Human-reviewed exact program-context mapping; exact tuple match only.
0.3,kokkoritsu,電気通信大学,情報理工学域,Ⅱ類（融合系）／先端ロボティクスプログラム,情報・理工,single,single,single,additive,engineering,robotics_control,1,Human-reviewed exact program-context mapping; exact tuple match only.
0.3,kokkoritsu,電気通信大学,情報理工学域,Ⅱ類（融合系）／情報通信工学プログラム,情報・理工,single,single,single,additive,information,networks_communications,1,Human-reviewed exact program-context mapping; exact tuple match only.
0.3,kokkoritsu,電気通信大学,情報理工学域,Ⅱ類（融合系）／計測・制御システムプログラム,情報・理工,single,single,single,additive,engineering,robotics_control,1,Human-reviewed exact program-context mapping; exact tuple match only.
0.3,kokkoritsu,電気通信大学,情報理工学域,Ⅱ類（融合系）／電子情報学プログラム,情報・理工,single,single,single,additive,engineering,electrical_electronic,1,Human-reviewed exact program-context mapping; exact tuple match only.
0.3,kokkoritsu,電気通信大学,情報理工学域,Ⅲ類（理工系）／化学生命工学プログラム,情報・理工,multi,multi,multi,additive,natural_sciences,chemistry,1,Human-reviewed exact program-context mapping; exact tuple match only.
0.3,kokkoritsu,電気通信大学,情報理工学域,Ⅲ類（理工系）／化学生命工学プログラム,情報・理工,multi,multi,multi,additive,natural_sciences,biology,2,Human-reviewed exact program-context mapping; exact tuple match only.
0.3,kokkoritsu,電気通信大学,情報理工学域,Ⅲ類（理工系）／化学生命工学プログラム,情報・理工,multi,multi,multi,additive,life_sciences,biotechnology,3,Human-reviewed exact program-context mapping; exact tuple match only.
0.3,kokkoritsu,電気通信大学,情報理工学域,Ⅲ類（理工系）／機械システムプログラム,情報・理工,single,single,single,additive,engineering,mechanical,1,Human-reviewed exact program-context mapping; exact tuple match only.
0.3,kokkoritsu,電気通信大学,情報理工学域,Ⅲ類（理工系）／物理工学プログラム,情報・理工,single,single,single,additive,natural_sciences,physics,1,Human-reviewed exact program-context mapping; exact tuple match only.
0.3,kokkoritsu,電気通信大学,情報理工学域,Ⅲ類（理工系）／電子工学プログラム,情報・理工,single,single,single,additive,engineering,electrical_electronic,1,Human-reviewed exact program-context mapping; exact tuple match only.
0.3,kokkoritsu,青森県立保健大学,健康科学部,理学療法学科,医療技術,single,single,single,additive,nursing_health,physical_therapy,1,Human-reviewed exact program-context mapping; exact tuple match only.
0.3,kokkoritsu,静岡大学,人文社会科学部,社会学科,社会,single,single,single,additive,sociology_community,sociology,1,Human-reviewed exact program-context mapping; exact tuple match only.
0.3,kokkoritsu,静岡大学,人文社会科学部,言語文化学科,人文,multi,multi,multi,additive,humanities_culture_history,culture,1,Human-reviewed exact program-context mapping; exact tuple match only.
0.3,kokkoritsu,静岡大学,人文社会科学部,言語文化学科,人文,multi,multi,multi,additive,languages,foreign_languages,2,Human-reviewed exact program-context mapping; exact tuple match only.
0.3,kokkoritsu,静岡大学,工学部,化学バイオ工学科,工学・生命科学,single,single,single,additive,life_sciences,biotechnology,1,Human-reviewed exact program-context mapping; exact tuple match only.
0.3,kokkoritsu,静岡大学,工学部,機械工学科,工学,single,single,single,additive,engineering,mechanical,1,Human-reviewed exact program-context mapping; exact tuple match only.
0.3,kokkoritsu,静岡大学,工学部,電子物質科学科,工学,multi,single,multi,additive,engineering,electrical_electronic,1,Human-reviewed exact program-context mapping; exact tuple match only.
0.3,kokkoritsu,静岡大学,工学部,電子物質科学科,工学,multi,single,multi,additive,engineering,materials,2,Human-reviewed exact program-context mapping; exact tuple match only.
0.3,kokkoritsu,静岡大学,工学部,電子物質科学科,工学・材料,single,single,single,additive,engineering,electrical_electronic,1,Human-reviewed exact program-context mapping; exact tuple match only.
0.3,kokkoritsu,静岡大学,工学部,電気電子工学科,工学,single,single,single,additive,engineering,electrical_electronic,1,Human-reviewed exact program-context mapping; exact tuple match only.
0.3,kokkoritsu,静岡大学,情報学部,情報社会学科,情報・社会,single,single,not_applicable,additive,sociology_community,,1,Human-reviewed exact program-context mapping; exact tuple match only.
0.3,kokkoritsu,静岡大学,理学部,化学科,理学,single,single,single,additive,natural_sciences,chemistry,1,Human-reviewed exact program-context mapping; exact tuple match only.
0.3,kokkoritsu,静岡大学,理学部,数学科,理学,single,single,single,additive,natural_sciences,mathematics_statistics,1,Human-reviewed exact program-context mapping; exact tuple match only.
0.3,kokkoritsu,静岡大学,理学部,物理学科,理学,single,single,single,additive,natural_sciences,physics,1,Human-reviewed exact program-context mapping; exact tuple match only.
0.3,kokkoritsu,静岡大学,理学部,生物科学科,理学,single,single,single,additive,natural_sciences,biology,1,Human-reviewed exact program-context mapping; exact tuple match only.
0.3,kokkoritsu,静岡県立大学,国際関係学部,国際言語文化学科,国際・人文社会,multi,multi,multi,additive,humanities_culture_history,culture,1,Human-reviewed exact program-context mapping; exact tuple match only.
0.3,kokkoritsu,静岡県立大学,国際関係学部,国際言語文化学科,国際・人文社会,multi,multi,multi,additive,languages,foreign_languages,2,Human-reviewed exact program-context mapping; exact tuple match only.
0.3,kokkoritsu,静岡県立大学,薬学部,薬学科,薬学,single,single,single,additive,pharmacy,pharmacy_six_year,1,Human-reviewed exact program-context mapping; exact tuple match only.
0.3,kokkoritsu,静岡県立大学,薬学部,薬科学科,薬学,single,single,single,additive,pharmacy,pharmaceutical_science_drug_discovery,1,Human-reviewed exact program-context mapping; exact tuple match only.
0.3,kokkoritsu,香川大学,創造工学部,創造工学科 人工知能・通信ネットワークコース,情報,multi,single,multi,additive,information,ai_machine_learning,1,Human-reviewed exact program-context mapping; exact tuple match only.
0.3,kokkoritsu,香川大学,創造工学部,創造工学科 人工知能・通信ネットワークコース,情報,multi,single,multi,additive,information,networks_communications,2,Human-reviewed exact program-context mapping; exact tuple match only.
0.3,kokkoritsu,香川大学,創造工学部,創造工学科 材料物質科学コース,工学,single,single,single,additive,engineering,materials,1,Human-reviewed exact program-context mapping; exact tuple match only.
0.3,kokkoritsu,香川大学,創造工学部,創造工学科 機械システムコース,工学,single,single,single,additive,engineering,mechanical,1,Human-reviewed exact program-context mapping; exact tuple match only.
0.3,kokkoritsu,香川県立保健医療大学,保健医療学部,臨床検査学科,医療技術,single,single,single,additive,nursing_health,clinical_laboratory,1,Human-reviewed exact program-context mapping; exact tuple match only.
0.3,kokkoritsu,高崎経済大学,地域政策学部,地域政策学部（地域政策学科・地域づくり学科・観光政策学科／2年次に所属決定）,社会・地域,single,single,single,additive,law_politics_policy,public_policy_administration,1,Human-reviewed exact program-context mapping; exact tuple match only.
0.3,kokkoritsu,高知大学,人文社会科学部,人文社会科学科 国際社会コース,人文・社会,single,single,single,additive,international_regional,international_studies,1,Human-reviewed exact program-context mapping; exact tuple match only.
0.3,kokkoritsu,高知大学,理工学部,化学生命理工学科,理学,multi,single,multi,additive,natural_sciences,chemistry,1,Human-reviewed exact program-context mapping; exact tuple match only.
0.3,kokkoritsu,高知大学,理工学部,化学生命理工学科,理学,multi,single,multi,additive,natural_sciences,biology,2,Human-reviewed exact program-context mapping; exact tuple match only.
0.3,kokkoritsu,高知大学,理工学部,地球環境防災学科,理学,single,single,single,additive,natural_sciences,earth_space_science,1,Human-reviewed exact program-context mapping; exact tuple match only.
0.3,kokkoritsu,高知大学,理工学部,数学物理学科,理学,multi,single,multi,additive,natural_sciences,mathematics_statistics,1,Human-reviewed exact program-context mapping; exact tuple match only.
0.3,kokkoritsu,高知大学,理工学部,数学物理学科,理学,multi,single,multi,additive,natural_sciences,physics,2,Human-reviewed exact program-context mapping; exact tuple match only.
0.3,kokkoritsu,高知大学,理工学部,生物科学科,理学,single,single,single,additive,natural_sciences,biology,1,Human-reviewed exact program-context mapping; exact tuple match only.
0.3,kokkoritsu,高知大学,農林海洋科学部,海洋資源科学科 海洋生物生産学コース,農学・生命,single,single,single,additive,agriculture_fisheries,fisheries_marine,1,Human-reviewed exact program-context mapping; exact tuple match only.
0.3,kokkoritsu,高知大学,農林海洋科学部,農林資源科学科 フィールド科学コース,農学・生命,single,single,single,additive,agriculture_fisheries,fisheries_marine,1,Human-reviewed exact program-context mapping; exact tuple match only.
0.3,kokkoritsu,高知大学,農林海洋科学部,農林資源科学科 農芸化学コース,農学・生命,single,single,single,additive,agriculture_fisheries,fisheries_marine,1,Human-reviewed exact program-context mapping; exact tuple match only.
0.3,kokkoritsu,高知県立大学,文化学部,文化学科,人文・社会,single,single,single,additive,humanities_culture_history,culture,1,Human-reviewed exact program-context mapping; exact tuple match only.
0.3,kokkoritsu,高知県立大学,文化学部,文化学科［文化総合系（夜間主コース）］,人文・社会,single,single,single,additive,humanities_culture_history,culture,1,Human-reviewed exact program-context mapping; exact tuple match only.
0.3,kokkoritsu,鳥取大学,医学部,保健学科 看護学専攻,医療,single,single,single,additive,nursing_health,nursing,1,Human-reviewed exact program-context mapping; exact tuple match only.
0.3,kokkoritsu,鳥取大学,地域学部,地域学科 国際地域文化コース,人文,multi,multi,multi,additive,humanities_culture_history,culture,1,Human-reviewed exact program-context mapping; exact tuple match only.
0.3,kokkoritsu,鳥取大学,地域学部,地域学科 国際地域文化コース,人文,multi,multi,multi,additive,international_regional,regional_studies,2,Human-reviewed exact program-context mapping; exact tuple match only.
0.3,kokkoritsu,鳥取大学,工学部,機械物理系学科,工学,single,single,single,additive,engineering,mechanical,1,Human-reviewed exact program-context mapping; exact tuple match only.
0.3,kokkoritsu,鳥取大学,工学部,社会システム土木系学科,工学,single,single,single,additive,engineering,civil_infrastructure,1,Human-reviewed exact program-context mapping; exact tuple match only.
0.3,kokkoritsu,鳥取大学,工学部,電気情報系学科,工学,single,single,single,additive,engineering,electrical_electronic,1,Human-reviewed exact program-context mapping; exact tuple match only.
0.3,kokkoritsu,鹿児島大学,医学部,保健学科 作業療法学専攻,医療技術,single,single,single,additive,nursing_health,occupational_therapy,1,Human-reviewed exact program-context mapping; exact tuple match only.
0.3,kokkoritsu,鹿児島大学,医学部,保健学科 理学療法学専攻,医療技術,single,single,single,additive,nursing_health,physical_therapy,1,Human-reviewed exact program-context mapping; exact tuple match only.
0.3,kokkoritsu,鹿児島大学,工学部,先進工学科 化学工学プログラム,工学,single,single,single,additive,engineering,chemical_engineering,1,Human-reviewed exact program-context mapping; exact tuple match only.
0.3,kokkoritsu,鹿児島大学,工学部,先進工学科 機械工学プログラム,工学,single,single,single,additive,engineering,mechanical,1,Human-reviewed exact program-context mapping; exact tuple match only.
0.3,kokkoritsu,鹿児島大学,工学部,先進工学科 海洋土木工学プログラム,工学,single,single,single,additive,engineering,civil_infrastructure,1,Human-reviewed exact program-context mapping; exact tuple match only.
0.3,kokkoritsu,鹿児島大学,工学部,先進工学科 電気電子工学プログラム,工学,single,single,single,additive,engineering,electrical_electronic,1,Human-reviewed exact program-context mapping; exact tuple match only.
0.3,kokkoritsu,鹿児島大学,水産学部,国際食料資源学特別コース（水産学系サブコース）,水産,single,single,single,additive,agriculture_fisheries,agriculture,1,Human-reviewed exact program-context mapping; exact tuple match only.
0.3,kokkoritsu,鹿児島大学,法文学部,人文学科 多元地域文化コース,人文・社会,single,single,single,additive,humanities_culture_history,culture,1,Human-reviewed exact program-context mapping; exact tuple match only.
0.3,kokkoritsu,鹿児島大学,理学部,理学科 化学プログラム,理学,single,single,single,additive,natural_sciences,chemistry,1,Human-reviewed exact program-context mapping; exact tuple match only.
0.3,kokkoritsu,鹿児島大学,理学部,理学科 地球科学プログラム,理学,single,single,single,additive,natural_sciences,earth_space_science,1,Human-reviewed exact program-context mapping; exact tuple match only.
0.3,kokkoritsu,鹿児島大学,理学部,理学科 数理情報科学プログラム,理学,single,single,single,additive,natural_sciences,mathematics_statistics,1,Human-reviewed exact program-context mapping; exact tuple match only.
0.3,kokkoritsu,鹿児島大学,理学部,理学科 物理・宇宙プログラム,理学,multi,single,multi,additive,natural_sciences,physics,1,Human-reviewed exact program-context mapping; exact tuple match only.
0.3,kokkoritsu,鹿児島大学,理学部,理学科 物理・宇宙プログラム,理学,multi,single,multi,additive,natural_sciences,earth_space_science,2,Human-reviewed exact program-context mapping; exact tuple match only.
0.3,kokkoritsu,鹿児島大学,理学部,理学科 生物学プログラム,理学,single,single,single,additive,natural_sciences,biology,1,Human-reviewed exact program-context mapping; exact tuple match only.
0.3,shidai,上智大学,国際教養学部,国際教養学科,国際・教養,multi,multi,single,authoritative,international_regional,international_studies,1,Human-reviewed exact context membership; final set replaces raw-level membership for this tuple.
0.3,shidai,上智大学,国際教養学部,国際教養学科,国際・教養,multi,multi,single,authoritative,interdisciplinary,,2,Human-reviewed exact context membership; final set replaces raw-level membership for this tuple.
0.3,shidai,上智大学,文学部,ドイツ文学科,文学・語学,multi,multi,multi,authoritative,humanities_culture_history,literature,1,Human-reviewed exact context membership; final set replaces raw-level membership for this tuple.
0.3,shidai,上智大学,文学部,ドイツ文学科,文学・語学,multi,multi,multi,authoritative,languages,foreign_languages,2,Human-reviewed exact context membership; final set replaces raw-level membership for this tuple.
0.3,shidai,上智大学,文学部,フランス文学科,文学・語学,multi,multi,multi,authoritative,humanities_culture_history,literature,1,Human-reviewed exact context membership; final set replaces raw-level membership for this tuple.
0.3,shidai,上智大学,文学部,フランス文学科,文学・語学,multi,multi,multi,authoritative,languages,foreign_languages,2,Human-reviewed exact context membership; final set replaces raw-level membership for this tuple.
0.3,shidai,上智大学,文学部,哲学科,哲学・思想,single,single,single,authoritative,humanities_culture_history,philosophy_thought,1,Human-reviewed exact context membership; final set replaces raw-level membership for this tuple.
0.3,shidai,上智大学,文学部,国文学科,文学・文化,multi,single,multi,authoritative,humanities_culture_history,literature,1,Human-reviewed exact context membership; final set replaces raw-level membership for this tuple.
0.3,shidai,上智大学,文学部,国文学科,文学・文化,multi,single,multi,authoritative,humanities_culture_history,culture,2,Human-reviewed exact context membership; final set replaces raw-level membership for this tuple.
0.3,shidai,上智大学,文学部,英文学科,文学・語学,multi,multi,multi,authoritative,humanities_culture_history,literature,1,Human-reviewed exact context membership; final set replaces raw-level membership for this tuple.
0.3,shidai,上智大学,文学部,英文学科,文学・語学,multi,multi,multi,authoritative,languages,foreign_languages,2,Human-reviewed exact context membership; final set replaces raw-level membership for this tuple.
0.3,shidai,上智大学,法学部,国際関係法学科,法・国際,multi,multi,multi,authoritative,law_politics_policy,law,1,Human-reviewed exact context membership; final set replaces raw-level membership for this tuple.
0.3,shidai,上智大学,法学部,国際関係法学科,法・国際,multi,multi,multi,authoritative,international_regional,international_studies,2,Human-reviewed exact context membership; final set replaces raw-level membership for this tuple.
0.3,shidai,上智大学,法学部,地球環境法学科,法・環境,multi,multi,single,authoritative,law_politics_policy,law,1,Human-reviewed exact context membership; final set replaces raw-level membership for this tuple.
0.3,shidai,上智大学,法学部,地球環境法学科,法・環境,multi,multi,single,authoritative,environment,,2,Human-reviewed exact context membership; final set replaces raw-level membership for this tuple.
0.3,shidai,上智大学,神学部,神学科,宗教・神学,single,single,single,authoritative,humanities_culture_history,religion,1,Human-reviewed exact context membership; final set replaces raw-level membership for this tuple.
0.3,shidai,中央大学,文学部,ドイツ語文学文化専攻,文学・人文,multi,multi,multi,authoritative,humanities_culture_history,literature,1,Human-reviewed exact context membership; final set replaces raw-level membership for this tuple.
0.3,shidai,中央大学,文学部,ドイツ語文学文化専攻,文学・人文,multi,multi,multi,authoritative,humanities_culture_history,culture,2,Human-reviewed exact context membership; final set replaces raw-level membership for this tuple.
0.3,shidai,中央大学,文学部,ドイツ語文学文化専攻,文学・人文,multi,multi,multi,authoritative,languages,foreign_languages,3,Human-reviewed exact context membership; final set replaces raw-level membership for this tuple.
0.3,shidai,中央大学,文学部,フランス語文学文化専攻,文学・人文,multi,multi,multi,authoritative,humanities_culture_history,literature,1,Human-reviewed exact context membership; final set replaces raw-level membership for this tuple.
0.3,shidai,中央大学,文学部,フランス語文学文化専攻,文学・人文,multi,multi,multi,authoritative,humanities_culture_history,culture,2,Human-reviewed exact context membership; final set replaces raw-level membership for this tuple.
0.3,shidai,中央大学,文学部,フランス語文学文化専攻,文学・人文,multi,multi,multi,authoritative,languages,foreign_languages,3,Human-reviewed exact context membership; final set replaces raw-level membership for this tuple.
0.3,shidai,中央大学,文学部,哲学専攻,哲学・思想,single,single,single,authoritative,humanities_culture_history,philosophy_thought,1,Human-reviewed exact context membership; final set replaces raw-level membership for this tuple.
0.3,shidai,中央大学,文学部,国文学専攻,文学・人文,multi,single,multi,authoritative,humanities_culture_history,literature,1,Human-reviewed exact context membership; final set replaces raw-level membership for this tuple.
0.3,shidai,中央大学,文学部,国文学専攻,文学・人文,multi,single,multi,authoritative,humanities_culture_history,culture,2,Human-reviewed exact context membership; final set replaces raw-level membership for this tuple.
0.3,shidai,中央大学,文学部,英語文学文化専攻,文学・人文,multi,multi,multi,authoritative,humanities_culture_history,literature,1,Human-reviewed exact context membership; final set replaces raw-level membership for this tuple.
0.3,shidai,中央大学,文学部,英語文学文化専攻,文学・人文,multi,multi,multi,authoritative,humanities_culture_history,culture,2,Human-reviewed exact context membership; final set replaces raw-level membership for this tuple.
0.3,shidai,中央大学,文学部,英語文学文化専攻,文学・人文,multi,multi,multi,authoritative,languages,foreign_languages,3,Human-reviewed exact context membership; final set replaces raw-level membership for this tuple.
0.3,shidai,創価大学,理工学部,情報システム工学科,情報・工学,single,single,single,additive,information,software_systems,1,Human-reviewed exact program-context mapping; exact tuple match only.
0.3,shidai,創価大学,理工学部,生命理工学科,生命科学・生物工学,single,single,single,additive,life_sciences,biology_biotech,1,Human-reviewed exact program-context mapping; exact tuple match only.
0.3,shidai,北里大学,獣医学部,動物資源科学科,動物科学,single,single,single,additive,veterinary,veterinary_medicine,1,Human-reviewed exact program-context mapping; exact tuple match only.
0.3,shidai,北里大学,薬学部,生命創薬科学科,薬科学・創薬,single,single,single,additive,life_sciences,biology_biotech,1,Human-reviewed exact program-context mapping; exact tuple match only.
0.3,shidai,北里大学,薬学部,薬学科,薬学,single,single,single,additive,pharmacy,pharmacy_six_year,1,Human-reviewed exact program-context mapping; exact tuple match only.
0.3,shidai,千葉工業大学,情報変革科学部,認知情報科学科,認知・情報科学,single,single,single,additive,information,computer_science,1,Human-reviewed exact program-context mapping; exact tuple match only.
0.3,shidai,千葉科学大学,危機管理学部,航空技術危機管理学科 パイロットコース,航空・パイロット,review_required,review_required,review_required,authoritative,,,,Exact program context reviewed but still insufficient for safe classification.
0.3,shidai,同志社大学,理工学部,インテリジェント情報工学科,情報・工学,single,single,single,additive,information,computer_science,1,Human-reviewed exact program-context mapping; exact tuple match only.
0.3,shidai,同志社大学,理工学部,情報システムデザイン学科,情報・工学,single,single,single,additive,information,software_systems,1,Human-reviewed exact program-context mapping; exact tuple match only.
0.3,shidai,同志社大学,理工学部,機能分子・生命化学科,工学・化学,single,single,single,additive,natural_sciences,biology,1,Human-reviewed exact program-context mapping; exact tuple match only.
0.3,shidai,同志社大学,生命医科学部,医情報学科,生命科学・医情報,single,single,single,additive,life_sciences,biology_biotech,1,Human-reviewed exact program-context mapping; exact tuple match only.
0.3,shidai,国際医療福祉大学,保健医療学部,放射線・情報科学科,診療放射線・医療情報,single,single,single,additive,information,computer_science,1,Human-reviewed exact program-context mapping; exact tuple match only.
0.3,shidai,国際医療福祉大学,成田保健医療学部,放射線・情報科学科,診療放射線・医療情報,single,single,single,additive,information,computer_science,1,Human-reviewed exact program-context mapping; exact tuple match only.
0.3,shidai,国際基督教大学,教養学部,アーツ・サイエンス学科,教養・リベラルアーツ,single,single,not_applicable,authoritative,interdisciplinary,,1,Human-reviewed exact context membership; final set replaces raw-level membership for this tuple.
0.3,shidai,埼玉医科大学,保健医療学部,理学療法学科,看護・医療,single,single,single,additive,nursing_health,physical_therapy,1,Human-reviewed exact program-context mapping; exact tuple match only.
0.3,shidai,埼玉医科大学,保健医療学部,臨床工学科,工学・医療,single,single,single,additive,nursing_health,clinical_engineering,1,Human-reviewed exact program-context mapping; exact tuple match only.
0.3,shidai,埼玉医科大学,保健医療学部,臨床検査学科,看護・医療,single,single,single,additive,nursing_health,clinical_laboratory,1,Human-reviewed exact program-context mapping; exact tuple match only.
0.3,shidai,埼玉工業大学,工学部,情報システム学科,情報・工学,single,single,single,additive,information,software_systems,1,Human-reviewed exact program-context mapping; exact tuple match only.
0.3,shidai,埼玉工業大学,工学部,情報システム学科,情報工学,single,single,single,additive,information,software_systems,1,Human-reviewed exact program-context mapping; exact tuple match only.
0.3,shidai,埼玉工業大学,工学部,生命環境化学科,工学・化学,single,single,single,additive,natural_sciences,biology,1,Human-reviewed exact program-context mapping; exact tuple match only.
0.3,shidai,帝京大学,医療技術学部,スポーツ医療学科 救急救命士コース,保健医療,single,single,single,additive,nursing_health,emergency_medical,1,Human-reviewed exact program-context mapping; exact tuple match only.
0.3,shidai,帝京大学,理工学部,総合理工学科 ロボティクス・AIコース,情報・工学・ロボティクス,single,single,single,additive,information,ai_machine_learning,1,Human-reviewed exact program-context mapping; exact tuple match only.
0.3,shidai,帝京大学,理工学部,総合理工学科 環境バイオテクノロジーコース,生命科学・環境,single,single,single,additive,life_sciences,biotechnology,1,Human-reviewed exact program-context mapping; exact tuple match only.
0.3,shidai,帝京平成大学,健康メディカル学部,医療科学科 救急救命士コース,保健医療,single,single,single,additive,nursing_health,emergency_medical,1,Human-reviewed exact program-context mapping; exact tuple match only.
0.3,shidai,帝京平成大学,健康医療スポーツ学部,医療スポーツ学科 救急救命士コース,保健医療,single,single,single,additive,nursing_health,emergency_medical,1,Human-reviewed exact program-context mapping; exact tuple match only.
0.3,shidai,慶應義塾大学,文学部,学部一括募集,文学・人文,single,single,not_applicable,authoritative,humanities_culture_history,,1,Human-reviewed exact context membership; final set replaces raw-level membership for this tuple.
0.3,shidai,慶應義塾大学,法学部,政治学科,法・政治,single,single,single,authoritative,law_politics_policy,politics,1,Human-reviewed exact context membership; final set replaces raw-level membership for this tuple.
0.3,shidai,慶應義塾大学,法学部,法律学科,法・政治,single,single,single,authoritative,law_politics_policy,law,1,Human-reviewed exact context membership; final set replaces raw-level membership for this tuple.
0.3,shidai,慶應義塾大学,理工学部,数理科学科,数学・理学,single,single,single,authoritative,natural_sciences,mathematics_statistics,1,Human-reviewed exact context membership; final set replaces raw-level membership for this tuple.
0.3,shidai,成蹊大学,理工学部,理工学科（入学手続時にデータ数理・コンピューター科学・機械システム・電気電子・応用化学の5専攻から選択）,理工・情報・工学・化学,multi,multi,multi,additive,natural_sciences,mathematics_statistics,1,Human-reviewed exact program-context mapping; exact tuple match only.
0.3,shidai,成蹊大学,理工学部,理工学科（入学手続時にデータ数理・コンピューター科学・機械システム・電気電子・応用化学の5専攻から選択）,理工・情報・工学・化学,multi,multi,multi,additive,engineering,mechanical,2,Human-reviewed exact program-context mapping; exact tuple match only.
0.3,shidai,成蹊大学,理工学部,理工学科（入学手続時にデータ数理・コンピューター科学・機械システム・電気電子・応用化学の5専攻から選択）,理工・情報・工学・化学,multi,multi,multi,additive,engineering,electrical_electronic,3,Human-reviewed exact program-context mapping; exact tuple match only.
0.3,shidai,成蹊大学,理工学部,理工学科（入学手続時にデータ数理・コンピューター科学・機械システム・電気電子・応用化学の5専攻から選択）,理工・情報・工学・化学,multi,multi,multi,additive,information,computer_science,4,Human-reviewed exact program-context mapping; exact tuple match only.
0.3,shidai,日本大学,工学部,情報工学科,情報・工学,single,single,single,additive,information,computer_science,1,Human-reviewed exact program-context mapping; exact tuple match only.
0.3,shidai,日本大学,理工学部,物質応用化学科,化学・工学,single,single,single,additive,engineering,materials,1,Human-reviewed exact program-context mapping; exact tuple match only.
0.3,shidai,日本大学,生物資源科学部,バイオサイエンス学科,生命科学,single,single,single,additive,life_sciences,biotechnology,1,Human-reviewed exact program-context mapping; exact tuple match only.
0.3,shidai,日本大学,生物資源科学部,バイオサイエンス学科,生命科学・バイオ,single,single,single,additive,life_sciences,biotechnology,1,Human-reviewed exact program-context mapping; exact tuple match only.
0.3,shidai,日本大学,生物資源科学部,動物学科,動物科学,single,single,single,additive,life_sciences,biology_biotech,1,Human-reviewed exact program-context mapping; exact tuple match only.
0.3,shidai,日本大学,生物資源科学部,森林学科,森林科学,single,single,single,additive,agriculture_fisheries,agriculture,1,Human-reviewed exact program-context mapping; exact tuple match only.
0.3,shidai,日本大学,生物資源科学部,森林学科,環境・森林,single,single,single,additive,agriculture_fisheries,agriculture,1,Human-reviewed exact program-context mapping; exact tuple match only.
0.3,shidai,日本大学,生物資源科学部,海洋生物学科,海洋生物,single,single,single,additive,agriculture_fisheries,agriculture,1,Human-reviewed exact program-context mapping; exact tuple match only.
0.3,shidai,日本大学,生物資源科学部,海洋生物学科,生命科学・海洋,single,single,single,additive,agriculture_fisheries,agriculture,1,Human-reviewed exact program-context mapping; exact tuple match only.
0.3,shidai,日本大学,生物資源科学部,環境学科,環境科学,single,single,single,additive,natural_sciences,biology,1,Human-reviewed exact program-context mapping; exact tuple match only.
0.3,shidai,日本大学,生産工学部,数理情報工学科,情報・数学,single,single,single,additive,information,computer_science,1,Human-reviewed exact program-context mapping; exact tuple match only.
0.3,shidai,日本大学,生産工学部,数理情報工学科,情報・数理,single,single,single,additive,information,computer_science,1,Human-reviewed exact program-context mapping; exact tuple match only.
0.3,shidai,日本獣医生命科学大学,応用生命科学部,動物科学科,動物科学,single,single,single,additive,life_sciences,biology_biotech,1,Human-reviewed exact program-context mapping; exact tuple match only.
0.3,shidai,早稲田大学,人間科学部,人間情報科学科,情報・人間科学,single,single,single,additive,information,computer_science,1,Human-reviewed exact program-context mapping; exact tuple match only.
0.3,shidai,早稲田大学,人間科学部,人間環境科学科,人間科学・環境,single,single,single,additive,environment,environmental_science,1,Human-reviewed exact program-context mapping; exact tuple match only.
0.3,shidai,早稲田大学,先進理工学部,生命医科学科,生命科学・医工学,single,single,single,additive,life_sciences,medical_science,1,Human-reviewed exact program-context mapping; exact tuple match only.
0.3,shidai,早稲田大学,社会科学部,社会科学科,社会科学,single,single,not_applicable,authoritative,humanities_social_general,,1,Human-reviewed exact context membership; final set replaces raw-level membership for this tuple.
0.3,shidai,明治大学,文学部,史学地理学科 アジア史専攻,歴史・地理,single,single,single,authoritative,humanities_culture_history,history_folklore,1,Human-reviewed exact context membership; final set replaces raw-level membership for this tuple.
0.3,shidai,明治大学,文学部,史学地理学科 地理学専攻,歴史・地理,single,single,not_applicable,authoritative,humanities_culture_history,,1,Human-reviewed exact context membership; final set replaces raw-level membership for this tuple.
0.3,shidai,明治大学,文学部,史学地理学科 日本史学専攻,歴史・地理,single,single,single,authoritative,humanities_culture_history,history_folklore,1,Human-reviewed exact context membership; final set replaces raw-level membership for this tuple.
0.3,shidai,明治大学,文学部,史学地理学科 考古学専攻,歴史・地理,single,single,single,authoritative,humanities_culture_history,history_folklore,1,Human-reviewed exact context membership; final set replaces raw-level membership for this tuple.
0.3,shidai,明治大学,文学部,史学地理学科 西洋史学専攻,歴史・地理,single,single,single,authoritative,humanities_culture_history,history_folklore,1,Human-reviewed exact context membership; final set replaces raw-level membership for this tuple.
0.3,shidai,明治大学,文学部,心理社会学科 哲学専攻,哲学,single,single,single,authoritative,humanities_culture_history,philosophy_thought,1,Human-reviewed exact context membership; final set replaces raw-level membership for this tuple.
0.3,shidai,明治大学,文学部,文学科 ドイツ文学専攻,文学・人文,multi,multi,multi,authoritative,humanities_culture_history,literature,1,Human-reviewed exact context membership; final set replaces raw-level membership for this tuple.
0.3,shidai,明治大学,文学部,文学科 ドイツ文学専攻,文学・人文,multi,multi,multi,authoritative,languages,foreign_languages,2,Human-reviewed exact context membership; final set replaces raw-level membership for this tuple.
0.3,shidai,明治大学,文学部,文学科 フランス文学専攻,文学・人文,multi,multi,multi,authoritative,humanities_culture_history,literature,1,Human-reviewed exact context membership; final set replaces raw-level membership for this tuple.
0.3,shidai,明治大学,文学部,文学科 フランス文学専攻,文学・人文,multi,multi,multi,authoritative,languages,foreign_languages,2,Human-reviewed exact context membership; final set replaces raw-level membership for this tuple.
0.3,shidai,明治大学,文学部,文学科 文芸メディア専攻,文学・メディア,multi,multi,multi,authoritative,humanities_culture_history,literature,1,Human-reviewed exact context membership; final set replaces raw-level membership for this tuple.
0.3,shidai,明治大学,文学部,文学科 文芸メディア専攻,文学・メディア,multi,multi,multi,authoritative,media_communication,media,2,Human-reviewed exact context membership; final set replaces raw-level membership for this tuple.
0.3,shidai,明治大学,文学部,文学科 日本文学専攻,文学・人文,multi,single,multi,authoritative,humanities_culture_history,literature,1,Human-reviewed exact context membership; final set replaces raw-level membership for this tuple.
0.3,shidai,明治大学,文学部,文学科 日本文学専攻,文学・人文,multi,single,multi,authoritative,humanities_culture_history,culture,2,Human-reviewed exact context membership; final set replaces raw-level membership for this tuple.
0.3,shidai,明治大学,文学部,文学科 演劇学専攻,文学・芸術,multi,multi,not_applicable,authoritative,humanities_culture_history,,1,Human-reviewed exact context membership; final set replaces raw-level membership for this tuple.
0.3,shidai,明治大学,文学部,文学科 演劇学専攻,文学・芸術,multi,multi,not_applicable,authoritative,arts_design,,2,Human-reviewed exact context membership; final set replaces raw-level membership for this tuple.
0.3,shidai,明治大学,文学部,文学科 英米文学専攻,文学・人文,multi,multi,multi,authoritative,humanities_culture_history,literature,1,Human-reviewed exact context membership; final set replaces raw-level membership for this tuple.
0.3,shidai,明治大学,文学部,文学科 英米文学専攻,文学・人文,multi,multi,multi,authoritative,languages,foreign_languages,2,Human-reviewed exact context membership; final set replaces raw-level membership for this tuple.
0.3,shidai,明治大学,理工学部,機械情報工学科,工学・機械情報,single,single,single,additive,information,computer_science,1,Human-reviewed exact program-context mapping; exact tuple match only.
0.3,shidai,明治大学,理工学部,電気電子生命学科 生命理工学専攻,生命工学・電気電子,single,single,single,additive,life_sciences,biology_biotech,1,Human-reviewed exact program-context mapping; exact tuple match only.
0.3,shidai,明治大学,農学部,食料環境政策学科,食料・環境政策,single,single,single,additive,agriculture_fisheries,agriculture,1,Human-reviewed exact program-context mapping; exact tuple match only.
0.3,shidai,明治薬科大学,薬学部,生命創薬科学科,創薬科学（4年制）,single,single,single,additive,life_sciences,biology_biotech,1,Human-reviewed exact program-context mapping; exact tuple match only.
0.3,shidai,杏林大学,保健学部,救急救命学科,保健医療,single,single,single,additive,nursing_health,emergency_medical,1,Human-reviewed exact program-context mapping; exact tuple match only.
0.3,shidai,東京工科大学,医療保健学部,リハビリテーション学科 作業療法学専攻,医療・リハビリテーション,single,single,single,additive,nursing_health,occupational_therapy,1,Human-reviewed exact program-context mapping; exact tuple match only.
0.3,shidai,東京工科大学,医療保健学部,リハビリテーション学科 理学療法学専攻,医療・リハビリテーション,single,single,single,additive,nursing_health,physical_therapy,1,Human-reviewed exact program-context mapping; exact tuple match only.
0.3,shidai,東京工科大学,医療保健学部,リハビリテーション学科 言語聴覚学専攻,医療・リハビリテーション,single,single,single,additive,nursing_health,speech_hearing,1,Human-reviewed exact program-context mapping; exact tuple match only.
0.3,shidai,東京工科大学,医療保健学部,臨床工学科,医療工学,single,single,single,additive,nursing_health,clinical_engineering,1,Human-reviewed exact program-context mapping; exact tuple match only.
0.3,shidai,東京工科大学,工学部,機械工学科,工学,single,single,single,additive,engineering,mechanical,1,Human-reviewed exact program-context mapping; exact tuple match only.
0.3,shidai,東京工科大学,工学部,電気電子工学科,工学,single,single,single,additive,engineering,electrical_electronic,1,Human-reviewed exact program-context mapping; exact tuple match only.
0.3,shidai,東京理科大学,先進工学部,生命システム工学科,生命工学,single,single,single,additive,life_sciences,biology_biotech,1,Human-reviewed exact program-context mapping; exact tuple match only.
0.3,shidai,東京理科大学,創域理工学部,電気電子情報工学科,工学・情報,multi,multi,multi,additive,engineering,electrical_electronic,1,Human-reviewed exact program-context mapping; exact tuple match only.
0.3,shidai,東京理科大学,創域理工学部,電気電子情報工学科,工学・情報,multi,multi,multi,additive,information,computer_science,2,Human-reviewed exact program-context mapping; exact tuple match only.
0.3,shidai,東京理科大学,薬学部,生命創薬科学科,薬科学・創薬,single,single,single,additive,life_sciences,biology_biotech,1,Human-reviewed exact program-context mapping; exact tuple match only.
0.3,shidai,東京理科大学,薬学部,薬学科,薬学,single,single,single,additive,pharmacy,pharmacy_six_year,1,Human-reviewed exact program-context mapping; exact tuple match only.
0.3,shidai,東京薬科大学,生命科学部,生命医科学科,生命科学・医療,single,single,single,additive,life_sciences,medical_science,1,Human-reviewed exact program-context mapping; exact tuple match only.
0.3,shidai,東京薬科大学,薬学部,薬学科,薬学,single,single,single,additive,pharmacy,pharmacy_six_year,1,Human-reviewed exact program-context mapping; exact tuple match only.
0.3,shidai,東京農業大学,国際食料情報学部,アグリビジネス学科,アグリビジネス,single,single,single,additive,agriculture_fisheries,agriculture,1,Human-reviewed exact program-context mapping; exact tuple match only.
0.3,shidai,東京農業大学,国際食料情報学部,食料環境経済学科,食料・環境経済,single,single,single,additive,agriculture_fisheries,agriculture,1,Human-reviewed exact program-context mapping; exact tuple match only.
0.3,shidai,東京農業大学,地域環境科学部,地域創成科学科,地域・環境,single,single,single,additive,environment,environmental_science,1,Human-reviewed exact program-context mapping; exact tuple match only.
0.3,shidai,東京農業大学,地域環境科学部,森林総合科学科,森林・環境,single,single,single,additive,environment,environmental_science,1,Human-reviewed exact program-context mapping; exact tuple match only.
0.3,shidai,東京農業大学,地域環境科学部,生産環境工学科,環境工学・農業工学,single,single,single,additive,environment,environmental_science,1,Human-reviewed exact program-context mapping; exact tuple match only.
0.3,shidai,東京農業大学,地域環境科学部,造園科学科,造園・環境,single,single,single,additive,environment,environmental_science,1,Human-reviewed exact program-context mapping; exact tuple match only.
0.3,shidai,東京農業大学,応用生物科学部,農芸化学科,農芸化学,single,single,single,additive,natural_sciences,biology,1,Human-reviewed exact program-context mapping; exact tuple match only.
0.3,shidai,東京農業大学,応用生物科学部,醸造科学科,醸造・発酵,single,single,single,additive,life_sciences,biology_biotech,1,Human-reviewed exact program-context mapping; exact tuple match only.
0.3,shidai,東京農業大学,生命科学部,バイオサイエンス学科,生命科学,single,single,single,additive,life_sciences,biotechnology,1,Human-reviewed exact program-context mapping; exact tuple match only.
0.3,shidai,東京農業大学,生命科学部,分子微生物学科,生命科学・微生物,single,single,single,additive,life_sciences,biology_biotech,1,Human-reviewed exact program-context mapping; exact tuple match only.
0.3,shidai,東京農業大学,生物産業学部,食香粧化学科,食品・香粧・化学,single,single,single,additive,natural_sciences,biology,1,Human-reviewed exact program-context mapping; exact tuple match only.
0.3,shidai,東京都市大学,メディア情報学部,情報システム学科,情報,multi,single,multi,additive,information,software_systems,1,Human-reviewed exact program-context mapping; exact tuple match only.
0.3,shidai,東京都市大学,メディア情報学部,情報システム学科,情報,multi,single,multi,additive,information,media_information,2,Human-reviewed exact program-context mapping; exact tuple match only.
0.3,shidai,東京都市大学,人間科学部,人間科学科,人間科学,review_required,review_required,review_required,authoritative,,,,Exact program context reviewed but still insufficient for safe classification.
0.3,shidai,東京都市大学,建築都市デザイン学部,建築学科,建築,single,single,single,additive,architecture_urban,urban_planning,1,Human-reviewed exact program-context mapping; exact tuple match only.
0.3,shidai,東京都市大学,情報工学部,知能情報工学科,情報・AI,single,single,single,additive,information,computer_science,1,Human-reviewed exact program-context mapping; exact tuple match only.
0.3,shidai,東京電機大学,システムデザイン工学部,情報システム工学科,情報・工学,single,single,single,additive,information,software_systems,1,Human-reviewed exact program-context mapping; exact tuple match only.
0.3,shidai,東京電機大学,工学部,先端機械工学科,工学,single,single,single,additive,engineering,mechanical,1,Human-reviewed exact program-context mapping; exact tuple match only.
0.3,shidai,東京電機大学,工学部,機械工学科,工学,single,single,single,additive,engineering,mechanical,1,Human-reviewed exact program-context mapping; exact tuple match only.
0.3,shidai,東京電機大学,工学部,電子システム工学科,工学,single,single,single,additive,engineering,electrical_electronic,1,Human-reviewed exact program-context mapping; exact tuple match only.
0.3,shidai,東京電機大学,工学部,電気電子工学科,工学,single,single,single,additive,engineering,electrical_electronic,1,Human-reviewed exact program-context mapping; exact tuple match only.
0.3,shidai,東京電機大学,理工学部,理工学科 建築・都市環境学系,建築・環境,single,single,single,additive,architecture_urban,urban_planning,1,Human-reviewed exact program-context mapping; exact tuple match only.
0.3,shidai,東京電機大学,理工学部,理工学科 情報システムデザイン学系,情報,single,single,single,additive,information,software_systems,1,Human-reviewed exact program-context mapping; exact tuple match only.
0.3,shidai,東京電機大学,理工学部,理工学科 機械工学系,工学,single,single,single,additive,engineering,mechanical,1,Human-reviewed exact program-context mapping; exact tuple match only.
0.3,shidai,東京電機大学,理工学部,理工学科 電子情報工学系,工学・情報,multi,multi,multi,additive,engineering,electrical_electronic,1,Human-reviewed exact program-context mapping; exact tuple match only.
0.3,shidai,東京電機大学,理工学部,理工学科 電子情報工学系,工学・情報,multi,multi,multi,additive,information,computer_science,2,Human-reviewed exact program-context mapping; exact tuple match only.
0.3,shidai,東京電機大学,理工学部,理工学科 電子情報工学系,電子・情報,single,single,single,additive,information,computer_science,1,Human-reviewed exact program-context mapping; exact tuple match only.
0.3,shidai,東洋大学,理工学部,電気電子情報工学科,工学・電気電子情報,single,single,single,additive,information,computer_science,1,Human-reviewed exact program-context mapping; exact tuple match only.
0.3,shidai,東海大学,工学部,生物工学科,生命科学・生物工学,single,single,single,additive,life_sciences,biology_biotech,1,Human-reviewed exact program-context mapping; exact tuple match only.
0.3,shidai,東海大学,工学部,航空宇宙学科 航空操縦学専攻,航空技術,single,single,single,additive,engineering,aerospace,1,Human-reviewed exact program-context mapping; exact tuple match only.
0.3,shidai,東海大学,建築都市学部,建築学科,建築,single,single,single,additive,architecture_urban,urban_planning,1,Human-reviewed exact program-context mapping; exact tuple match only.
0.3,shidai,東邦大学,理学部,情報科学科,情報・理学,single,single,single,additive,information,computer_science,1,Human-reviewed exact program-context mapping; exact tuple match only.
0.3,shidai,東邦大学,理学部,生命圏環境科学科,環境科学,single,single,single,additive,natural_sciences,biology,1,Human-reviewed exact program-context mapping; exact tuple match only.
0.3,shidai,東邦大学,薬学部,薬学科,薬学,single,single,single,additive,pharmacy,pharmacy_six_year,1,Human-reviewed exact program-context mapping; exact tuple match only.
0.3,shidai,横浜薬科大学,薬学部,健康薬学科・漢方薬学科・臨床薬学科（6年制）／薬科学科（4年制）,薬学・創薬科学,single,single,single,additive,pharmacy,pharmacy_six_year,1,Human-reviewed exact program-context mapping; exact tuple match only.
0.3,shidai,法政大学,GIS（グローバル教養学部）,グローバル教養学科,国際・教養,multi,multi,single,authoritative,international_regional,international_studies,1,Human-reviewed exact context membership; final set replaces raw-level membership for this tuple.
0.3,shidai,法政大学,GIS（グローバル教養学部）,グローバル教養学科,国際・教養,multi,multi,single,authoritative,interdisciplinary,,2,Human-reviewed exact context membership; final set replaces raw-level membership for this tuple.
0.3,shidai,法政大学,キャリアデザイン学部,キャリアデザイン学科,教育・キャリア,single,single,not_applicable,authoritative,education_childcare,,1,Human-reviewed exact context membership; final set replaces raw-level membership for this tuple.
0.3,shidai,法政大学,スポーツ健康学部,スポーツ健康学科,スポーツ科学・健康,single,single,not_applicable,authoritative,sports,,1,Human-reviewed exact context membership; final set replaces raw-level membership for this tuple.
0.3,shidai,法政大学,情報科学部,ディジタルメディア学科,情報・メディア,single,single,single,additive,information,computer_science,1,Human-reviewed exact program-context mapping; exact tuple match only.
0.3,shidai,法政大学,文学部,哲学科,哲学・思想,single,single,single,authoritative,humanities_culture_history,philosophy_thought,1,Human-reviewed exact context membership; final set replaces raw-level membership for this tuple.
0.3,shidai,法政大学,文学部,地理学科,地理・地域,single,single,not_applicable,authoritative,humanities_culture_history,,1,Human-reviewed exact context membership; final set replaces raw-level membership for this tuple.
0.3,shidai,法政大学,文学部,日本文学科,文学・文化,multi,single,multi,authoritative,humanities_culture_history,literature,1,Human-reviewed exact context membership; final set replaces raw-level membership for this tuple.
0.3,shidai,法政大学,文学部,日本文学科,文学・文化,multi,single,multi,authoritative,humanities_culture_history,culture,2,Human-reviewed exact context membership; final set replaces raw-level membership for this tuple.
0.3,shidai,法政大学,文学部,英文学科,文学・語学,multi,multi,multi,authoritative,humanities_culture_history,literature,1,Human-reviewed exact context membership; final set replaces raw-level membership for this tuple.
0.3,shidai,法政大学,文学部,英文学科,文学・語学,multi,multi,multi,authoritative,languages,foreign_languages,2,Human-reviewed exact context membership; final set replaces raw-level membership for this tuple.
0.3,shidai,法政大学,法学部,国際政治学科,法・国際,multi,multi,multi,authoritative,law_politics_policy,politics,1,Human-reviewed exact context membership; final set replaces raw-level membership for this tuple.
0.3,shidai,法政大学,法学部,国際政治学科,法・国際,multi,multi,multi,authoritative,international_regional,international_studies,2,Human-reviewed exact context membership; final set replaces raw-level membership for this tuple.
0.3,shidai,法政大学,現代福祉学部,福祉コミュニティ学科,福祉・地域,multi,multi,single,authoritative,sociology_community,community_regional_society,1,Human-reviewed exact context membership; final set replaces raw-level membership for this tuple.
0.3,shidai,法政大学,現代福祉学部,福祉コミュニティ学科,福祉・地域,multi,multi,single,authoritative,welfare,,2,Human-reviewed exact context membership; final set replaces raw-level membership for this tuple.
0.3,shidai,湘南工科大学,工学部,工学科 電気電子情報工学専攻,工学・電気電子情報,single,single,single,additive,information,computer_science,1,Human-reviewed exact program-context mapping; exact tuple match only.
0.3,shidai,玉川大学,工学部,ソフトウェアサイエンス学科,工学・情報,single,single,single,additive,information,software_systems,1,Human-reviewed exact program-context mapping; exact tuple match only.
0.3,shidai,玉川大学,工学部,ソフトウェアサイエンス学科,情報・工学,single,single,single,additive,information,software_systems,1,Human-reviewed exact program-context mapping; exact tuple match only.
0.3,shidai,玉川大学,工学部,情報通信工学科,情報・工学,single,single,single,additive,information,networks_communications,1,Human-reviewed exact program-context mapping; exact tuple match only.
0.3,shidai,神奈川大学,人間科学部,人間科学科,人間科学,review_required,review_required,review_required,authoritative,,,,Exact program context reviewed but still insufficient for safe classification.
0.3,shidai,神奈川大学,国際日本学部,日本文化学科,文化・文学,single,single,single,additive,humanities_culture_history,culture,1,Human-reviewed exact program-context mapping; exact tuple match only.
0.3,shidai,神奈川大学,工学部,機械工学科,工学,single,single,single,additive,engineering,mechanical,1,Human-reviewed exact program-context mapping; exact tuple match only.
0.3,shidai,神奈川大学,工学部,電気電子情報工学科,工学・情報,multi,multi,multi,additive,engineering,electrical_electronic,1,Human-reviewed exact program-context mapping; exact tuple match only.
0.3,shidai,神奈川大学,工学部,電気電子情報工学科,工学・情報,multi,multi,multi,additive,information,computer_science,2,Human-reviewed exact program-context mapping; exact tuple match only.
0.3,shidai,神奈川大学,理学部,理学科（地球環境科学コース）,理学・地球環境,single,single,single,additive,environment,environmental_science,1,Human-reviewed exact program-context mapping; exact tuple match only.
0.3,shidai,神奈川工科大学,工学部,電気電子情報工学科,電気電子・情報工学,single,single,single,additive,information,computer_science,1,Human-reviewed exact program-context mapping; exact tuple match only.
0.3,shidai,立命館大学,理工学部,機械工学科 機械情報工学コース,工学・機械情報,single,single,single,additive,information,computer_science,1,Human-reviewed exact program-context mapping; exact tuple match only.
0.3,shidai,立命館大学,理工学部,電子情報工学科,工学・情報電子,single,single,single,additive,information,computer_science,1,Human-reviewed exact program-context mapping; exact tuple match only.
0.3,shidai,立命館大学,生命科学部,応用化学科,工学・化学,single,single,single,additive,natural_sciences,biology,1,Human-reviewed exact program-context mapping; exact tuple match only.
0.3,shidai,立命館大学,生命科学部,生命医科学科,生命科学・医科学,single,single,single,additive,life_sciences,biology_biotech,1,Human-reviewed exact program-context mapping; exact tuple match only.
0.3,shidai,立命館大学,生命科学部,生物工学科,生命科学・生物工学,single,single,single,additive,life_sciences,biology_biotech,1,Human-reviewed exact program-context mapping; exact tuple match only.
0.3,shidai,立命館大学,薬学部,薬学科（6年制）,薬学,single,single,single,additive,pharmacy,pharmacy_six_year,1,Human-reviewed exact program-context mapping; exact tuple match only.
0.3,shidai,立教大学,現代心理学部,映像身体学科,文化・芸術,multi,multi,single,authoritative,humanities_culture_history,culture,1,Human-reviewed exact context membership; final set replaces raw-level membership for this tuple.
0.3,shidai,立教大学,現代心理学部,映像身体学科,文化・芸術,multi,multi,single,authoritative,arts_design,,2,Human-reviewed exact context membership; final set replaces raw-level membership for this tuple.
0.3,shidai,立正大学,地球環境科学部,地理学科,地理・環境,single,single,single,additive,environment,environmental_science,1,Human-reviewed exact program-context mapping; exact tuple match only.
0.3,shidai,立正大学,地球環境科学部,地理学科,理学・地球環境,single,single,single,additive,environment,environmental_science,1,Human-reviewed exact program-context mapping; exact tuple match only.
0.3,shidai,立正大学,地球環境科学部,環境システム学科,環境科学,single,single,single,additive,natural_sciences,earth_space_science,1,Human-reviewed exact program-context mapping; exact tuple match only.
0.3,shidai,芝浦工業大学,工学部,情報・通信工学課程 情報工学コース,情報工学,single,single,single,additive,information,networks_communications,1,Human-reviewed exact program-context mapping; exact tuple match only.
0.3,shidai,芝浦工業大学,工学部,物質化学課程 化学・生命工学コース,工学・化学・生命,multi,multi,multi,additive,engineering,materials,1,Human-reviewed exact program-context mapping; exact tuple match only.
0.3,shidai,芝浦工業大学,工学部,物質化学課程 化学・生命工学コース,工学・化学・生命,multi,multi,multi,additive,life_sciences,biotechnology,2,Human-reviewed exact program-context mapping; exact tuple match only.
0.3,shidai,関西大学,システム理工学部,電気電子情報工学科,工学・電気電子情報,single,single,single,additive,information,computer_science,1,Human-reviewed exact program-context mapping; exact tuple match only.
0.3,shidai,関西大学,システム理工学部,電気電子情報工学科,電気電子・情報,single,single,single,additive,information,computer_science,1,Human-reviewed exact program-context mapping; exact tuple match only.
0.3,shidai,関西大学,化学生命工学部,化学・物質工学科,化学・材料,single,single,single,additive,natural_sciences,biology,1,Human-reviewed exact program-context mapping; exact tuple match only.
0.3,shidai,関西大学,化学生命工学部,化学・物質工学科,工学・化学・材料,single,single,single,additive,natural_sciences,biology,1,Human-reviewed exact program-context mapping; exact tuple match only.
0.3,shidai,関西大学,化学生命工学部,生命・生物工学科,生命科学,single,single,single,additive,life_sciences,biotechnology,1,Human-reviewed exact program-context mapping; exact tuple match only.
0.3,shidai,関西大学,化学生命工学部,生命・生物工学科,生命科学・生物工学,single,single,single,additive,life_sciences,biology_biotech,1,Human-reviewed exact program-context mapping; exact tuple match only.
0.3,shidai,関西大学,環境都市工学部,エネルギー環境・化学工学科,工学・環境・化学,multi,single,multi,additive,engineering,chemical_engineering,1,Human-reviewed exact program-context mapping; exact tuple match only.
0.3,shidai,関西大学,環境都市工学部,エネルギー環境・化学工学科,工学・環境・化学,multi,single,multi,additive,engineering,nuclear_energy,2,Human-reviewed exact program-context mapping; exact tuple match only.
0.3,shidai,関西大学,環境都市工学部,エネルギー環境・化学工学科,環境・化学工学,single,single,single,additive,engineering,nuclear_energy,1,Human-reviewed exact program-context mapping; exact tuple match only.
0.3,shidai,関西大学,環境都市工学部,建築学科,建築,single,single,single,additive,architecture_urban,urban_planning,1,Human-reviewed exact program-context mapping; exact tuple match only.
0.3,shidai,関西学院大学,工学部,情報工学課程,情報・工学,single,single,single,additive,information,computer_science,1,Human-reviewed exact program-context mapping; exact tuple match only.
0.3,shidai,関西学院大学,理学部,物理・宇宙学科,物理,single,single,single,additive,natural_sciences,earth_space_science,1,Human-reviewed exact program-context mapping; exact tuple match only.
0.3,shidai,関西学院大学,理学部,物理・宇宙学科,理学・物理,single,single,single,additive,natural_sciences,earth_space_science,1,Human-reviewed exact program-context mapping; exact tuple match only.
0.3,shidai,関西学院大学,生命環境学部,環境応用化学科,環境・化学,single,single,single,additive,natural_sciences,biology,1,Human-reviewed exact program-context mapping; exact tuple match only.
0.3,shidai,関西学院大学,生命環境学部,生命医科学科,生命科学・医療,single,single,single,additive,life_sciences,medical_science,1,Human-reviewed exact program-context mapping; exact tuple match only.
0.3,shidai,関西学院大学,生命環境学部,生命医科学科,生命科学・医科学,single,single,single,additive,life_sciences,biology_biotech,1,Human-reviewed exact program-context mapping; exact tuple match only.
0.3,shidai,青山学院大学,コミュニティ人間科学部,コミュニティ人間科学科,コミュニティ・社会,single,single,single,authoritative,sociology_community,community_regional_society,1,Human-reviewed exact context membership; final set replaces raw-level membership for this tuple.
0.3,shidai,青山学院大学,文学部,比較芸術学科,文化・芸術,multi,multi,not_applicable,authoritative,humanities_culture_history,,1,Human-reviewed exact context membership; final set replaces raw-level membership for this tuple.
0.3,shidai,青山学院大学,文学部,比較芸術学科,文化・芸術,multi,multi,not_applicable,authoritative,arts_design,,2,Human-reviewed exact context membership; final set replaces raw-level membership for this tuple.
0.3,shidai,青山学院大学,文学部,英米文学科,文学・語学,multi,multi,multi,authoritative,humanities_culture_history,literature,1,Human-reviewed exact context membership; final set replaces raw-level membership for this tuple.
0.3,shidai,青山学院大学,文学部,英米文学科,文学・語学,multi,multi,multi,authoritative,languages,foreign_languages,2,Human-reviewed exact context membership; final set replaces raw-level membership for this tuple.
0.3,shidai,麗澤大学,工学部,工学科（情報システム工学専攻／ロボティクス専攻）,情報・工学・ロボティクス,single,single,single,additive,information,software_systems,1,Human-reviewed exact program-context mapping; exact tuple match only.
0.3,shidai,麻布大学,獣医学部,動物応用科学科,動物応用科学,single,single,single,additive,veterinary,veterinary_medicine,1,Human-reviewed exact program-context mapping; exact tuple match only.
0.3,shidai,麻布大学,獣医学部,動物応用科学科,動物科学,single,single,single,additive,veterinary,veterinary_medicine,1,Human-reviewed exact program-context mapping; exact tuple match only.
0.3,shidai,麻布大学,生命・環境科学部,環境科学科,環境科学,single,single,single,additive,natural_sciences,biology,1,Human-reviewed exact program-context mapping; exact tuple match only.
