mapping_contract_version,raw_value,mapping_status,broad_mapping_status,subcategory_mapping_status,group_code,subcategory_code,membership_order,review_note
0.3,アグリビジネス,multi,multi,multi,business_commerce,management,1,Human-reviewed exact raw-value mapping; no runtime text inference.
0.3,アグリビジネス,multi,multi,multi,agriculture_fisheries,agricultural_economics_business,2,Human-reviewed exact raw-value mapping; no runtime text inference.
0.3,エネルギー,single,single,single,engineering,nuclear_energy,1,Human-reviewed exact raw-value mapping; no runtime text inference.
0.3,コミュニティ・社会,single,single,single,sociology_community,community_regional_society,1,Human-reviewed exact raw-value membership; no runtime text inference.
0.3,サステナビリティ・環境,single,single,single,environment,sustainability,1,Human-reviewed exact raw-value mapping; no runtime text inference.
0.3,スポーツ,single,single,not_applicable,sports,,1,Human-reviewed exact raw-value mapping; no runtime text inference.
0.3,スポーツデータサイエンス・スポーツビジネス,multi,multi,multi,business_commerce,management,1,Human-reviewed exact raw-value mapping; no runtime text inference.
0.3,スポーツデータサイエンス・スポーツビジネス,multi,multi,multi,information,data_science_statistics,2,Human-reviewed exact raw-value mapping; no runtime text inference.
0.3,スポーツデータサイエンス・スポーツビジネス,multi,multi,multi,sports,,3,Human-reviewed exact raw-value mapping; no runtime text inference.
0.3,スポーツ・健康,multi,multi,not_applicable,nursing_health,,1,Human-reviewed exact raw-value mapping; no runtime text inference.
0.3,スポーツ・健康,multi,multi,not_applicable,sports,,2,Human-reviewed exact raw-value mapping; no runtime text inference.
0.3,スポーツ工学,multi,multi,not_applicable,engineering,,1,Human-reviewed exact raw-value mapping; no runtime text inference.
0.3,スポーツ工学,multi,multi,not_applicable,sports,,2,Human-reviewed exact raw-value mapping; no runtime text inference.
0.3,スポーツ科学・健康,single,single,not_applicable,sports,,1,Human-reviewed exact raw-value membership; no runtime text inference.
0.3,スポーツ科学・健康科学,multi,multi,not_applicable,nursing_health,,1,Human-reviewed exact raw-value mapping; no runtime text inference.
0.3,スポーツ科学・健康科学,multi,multi,not_applicable,sports,,2,Human-reviewed exact raw-value mapping; no runtime text inference.
0.3,デザイン,single,single,single,arts_design,design,1,Human-reviewed exact raw-value mapping; no runtime text inference.
0.3,デザイン・UX,single,single,single,arts_design,design,1,Human-reviewed exact raw-value mapping; no runtime text inference.
0.3,デザイン・データ科学,multi,multi,multi,information,data_science_statistics,1,Human-reviewed exact raw-value mapping; no runtime text inference.
0.3,デザイン・データ科学,multi,multi,multi,arts_design,design,2,Human-reviewed exact raw-value mapping; no runtime text inference.
0.3,デザイン・プロダクト,single,single,single,arts_design,design,1,Human-reviewed exact raw-value mapping; no runtime text inference.
0.3,デザイン・工学,multi,multi,single,engineering,,1,Human-reviewed exact raw-value mapping; no runtime text inference.
0.3,デザイン・工学,multi,multi,single,arts_design,design,2,Human-reviewed exact raw-value mapping; no runtime text inference.
0.3,デザイン・工芸,single,single,single,arts_design,design,1,Human-reviewed exact raw-value mapping; no runtime text inference.
0.3,デザイン・情報,multi,multi,single,information,,1,Human-reviewed exact raw-value mapping; no runtime text inference.
0.3,デザイン・情報,multi,multi,single,arts_design,design,2,Human-reviewed exact raw-value mapping; no runtime text inference.
0.3,デザイン・文理融合,multi,multi,single,arts_design,design,1,Human-reviewed exact raw-value membership; no runtime text inference.
0.3,デザイン・文理融合,multi,multi,single,interdisciplinary,,2,Human-reviewed exact raw-value membership; no runtime text inference.
0.3,デザイン工学,multi,multi,single,engineering,,1,Human-reviewed exact raw-value mapping; no runtime text inference.
0.3,デザイン工学,multi,multi,single,arts_design,design,2,Human-reviewed exact raw-value mapping; no runtime text inference.
0.3,デジタル・環境・工学,multi,multi,single,engineering,,1,Human-reviewed exact raw-value mapping; no runtime text inference.
0.3,デジタル・環境・工学,multi,multi,single,information,iot_digital,2,Human-reviewed exact raw-value mapping; no runtime text inference.
0.3,デジタル・環境・工学,multi,multi,single,environment,,3,Human-reviewed exact raw-value mapping; no runtime text inference.
0.3,デジタル変革,single,single,single,information,iot_digital,1,Human-reviewed exact raw-value mapping; no runtime text inference.
0.3,データサイエンス,single,single,single,information,data_science_statistics,1,Human-reviewed exact raw-value mapping; no runtime text inference.
0.3,データサイエンス・情報,single,single,single,information,data_science_statistics,1,Human-reviewed exact raw-value mapping; no runtime text inference.
0.3,データサイエンス・数学,multi,multi,multi,natural_sciences,mathematics_statistics,1,Human-reviewed exact raw-value mapping; no runtime text inference.
0.3,データサイエンス・数学,multi,multi,multi,information,data_science_statistics,2,Human-reviewed exact raw-value mapping; no runtime text inference.
0.3,データサイエンス・社会科学,multi,multi,single,humanities_social_general,,1,Human-reviewed exact raw-value mapping; no runtime text inference.
0.3,データサイエンス・社会科学,multi,multi,single,information,data_science_statistics,2,Human-reviewed exact raw-value mapping; no runtime text inference.
0.3,データサイエンス・経営,multi,multi,multi,business_commerce,management,1,Human-reviewed exact raw-value mapping; no runtime text inference.
0.3,データサイエンス・経営,multi,multi,multi,information,data_science_statistics,2,Human-reviewed exact raw-value mapping; no runtime text inference.
0.3,メディア・映像,multi,multi,single,media_communication,media,1,Human-reviewed exact raw-value mapping; no runtime text inference.
0.3,メディア・映像,multi,multi,single,arts_design,,2,Human-reviewed exact raw-value mapping; no runtime text inference.
0.3,メディア・社会,multi,multi,multi,sociology_community,sociology,1,Human-reviewed exact raw-value mapping; no runtime text inference.
0.3,メディア・社会,multi,multi,multi,media_communication,media,2,Human-reviewed exact raw-value mapping; no runtime text inference.
0.3,メディア・社会,multi,multi,multi,information,media_information,3,Human-reviewed exact raw-value mapping; no runtime text inference.
0.3,リハビリ・作業療法,single,single,single,nursing_health,occupational_therapy,1,Human-reviewed exact raw-value mapping; no runtime text inference.
0.3,リハビリ・理学療法,single,single,single,nursing_health,physical_therapy,1,Human-reviewed exact raw-value mapping; no runtime text inference.
0.3,リハビリ・視覚機能,single,single,not_applicable,nursing_health,,1,Human-reviewed exact raw-value mapping; no runtime text inference.
0.3,リハビリ・言語聴覚,single,single,single,nursing_health,speech_hearing,1,Human-reviewed exact raw-value mapping; no runtime text inference.
0.3,ロボティクス,single,single,single,engineering,robotics_control,1,Human-reviewed exact raw-value mapping; no runtime text inference.
0.3,人文,single,single,not_applicable,humanities_culture_history,,1,Human-reviewed exact raw-value mapping; no runtime text inference.
0.3,人文・文化,single,single,single,humanities_culture_history,culture,1,Human-reviewed exact raw-value mapping; no runtime text inference.
0.3,人文・社会,single,single,not_applicable,humanities_social_general,,1,Human-reviewed exact raw-value mapping; no runtime text inference.
0.3,人文社会・都市,multi,multi,single,sociology_community,community_regional_society,1,Human-reviewed exact raw-value mapping; no runtime text inference.
0.3,人文社会・都市,multi,multi,single,humanities_social_general,,2,Human-reviewed exact raw-value mapping; no runtime text inference.
0.3,人間・環境・理工,multi,multi,not_applicable,natural_sciences,,1,Human-reviewed exact raw-value mapping; no runtime text inference.
0.3,人間・環境・理工,multi,multi,not_applicable,engineering,,2,Human-reviewed exact raw-value mapping; no runtime text inference.
0.3,人間・環境・理工,multi,multi,not_applicable,environment,,3,Human-reviewed exact raw-value mapping; no runtime text inference.
0.3,人間科学,review_required,review_required,review_required,,,,Current contexts span materially different human-science meanings; raw and available tuple remain insufficient for safe classification.
0.3,人間科学・環境,single,single,not_applicable,environment,,1,Human-reviewed exact raw-value mapping; no runtime text inference.
0.3,体育,single,single,not_applicable,sports,,1,Human-reviewed exact raw-value mapping; no runtime text inference.
0.3,体育・芸術,multi,multi,not_applicable,arts_design,,1,Human-reviewed exact raw-value membership; no runtime text inference.
0.3,体育・芸術,multi,multi,not_applicable,sports,,2,Human-reviewed exact raw-value membership; no runtime text inference.
0.3,作業療法,single,single,single,nursing_health,occupational_therapy,1,Human-reviewed exact raw-value mapping; no runtime text inference.
0.3,保健・医療,single,single,not_applicable,nursing_health,,1,Human-reviewed exact raw-value mapping; no runtime text inference.
0.3,保健・環境,multi,multi,not_applicable,environment,,1,Human-reviewed exact raw-value mapping; no runtime text inference.
0.3,保健・環境,multi,multi,not_applicable,nursing_health,,2,Human-reviewed exact raw-value mapping; no runtime text inference.
0.3,保健医療,single,single,not_applicable,nursing_health,,1,Human-reviewed exact raw-value mapping; no runtime text inference.
0.3,保健医療・健康福祉,multi,multi,not_applicable,nursing_health,,1,Human-reviewed exact raw-value mapping; no runtime text inference.
0.3,保健医療・健康福祉,multi,multi,not_applicable,welfare,,2,Human-reviewed exact raw-value mapping; no runtime text inference.
0.3,健康・スポーツ,multi,multi,not_applicable,nursing_health,,1,Human-reviewed exact raw-value mapping; no runtime text inference.
0.3,健康・スポーツ,multi,multi,not_applicable,sports,,2,Human-reviewed exact raw-value mapping; no runtime text inference.
0.3,健康科学,single,single,not_applicable,nursing_health,,1,Human-reviewed exact raw-value mapping; no runtime text inference.
0.3,健康科学・福祉,multi,multi,not_applicable,nursing_health,,1,Human-reviewed exact raw-value mapping; no runtime text inference.
0.3,健康科学・福祉,multi,multi,not_applicable,welfare,,2,Human-reviewed exact raw-value mapping; no runtime text inference.
0.3,公共政策,single,single,single,law_politics_policy,public_policy_administration,1,Human-reviewed exact raw-value mapping; no runtime text inference.
0.3,共生社会・福祉,multi,multi,single,sociology_community,community_regional_society,1,Human-reviewed exact raw-value mapping; no runtime text inference.
0.3,共生社会・福祉,multi,multi,single,welfare,,2,Human-reviewed exact raw-value mapping; no runtime text inference.
0.3,創薬科学（4年制）,multi,multi,single,life_sciences,,1,Human-reviewed exact raw-value mapping; no runtime text inference.
0.3,創薬科学（4年制）,multi,multi,single,pharmacy,pharmaceutical_science_drug_discovery,2,Human-reviewed exact raw-value mapping; no runtime text inference.
0.3,動物医療,single,single,single,veterinary,animal_science,1,Human-reviewed exact raw-value mapping; no runtime text inference.
0.3,動物応用科学,multi,multi,single,life_sciences,,1,Human-reviewed exact raw-value mapping; no runtime text inference.
0.3,動物応用科学,multi,multi,single,veterinary,animal_science,2,Human-reviewed exact raw-value mapping; no runtime text inference.
0.3,動物生命・動物危機管理,multi,multi,multi,life_sciences,biology_biotech,1,Human-reviewed exact raw-value mapping; no runtime text inference.
0.3,動物生命・動物危機管理,multi,multi,multi,veterinary,animal_science,2,Human-reviewed exact raw-value mapping; no runtime text inference.
0.3,動物科学,multi,multi,single,life_sciences,,1,Human-reviewed exact raw-value mapping; no runtime text inference.
0.3,動物科学,multi,multi,single,veterinary,animal_science,2,Human-reviewed exact raw-value mapping; no runtime text inference.
0.3,化学,single,single,single,natural_sciences,chemistry,1,Human-reviewed exact raw-value mapping; no runtime text inference.
0.3,化学・工学,multi,multi,multi,natural_sciences,chemistry,1,Human-reviewed exact raw-value mapping; no runtime text inference.
0.3,化学・工学,multi,multi,multi,engineering,chemical_engineering,2,Human-reviewed exact raw-value mapping; no runtime text inference.
0.3,化学・材料,multi,multi,multi,natural_sciences,chemistry,1,Human-reviewed exact raw-value mapping; no runtime text inference.
0.3,化学・材料,multi,multi,multi,engineering,materials,2,Human-reviewed exact raw-value mapping; no runtime text inference.
0.3,化学・物理工学,multi,multi,multi,natural_sciences,physics,1,Human-reviewed exact raw-value mapping; no runtime text inference.
0.3,化学・物理工学,multi,multi,multi,natural_sciences,chemistry,2,Human-reviewed exact raw-value mapping; no runtime text inference.
0.3,化学・物理工学,multi,multi,multi,engineering,chemical_engineering,3,Human-reviewed exact raw-value mapping; no runtime text inference.
0.3,化学・生命,multi,multi,multi,natural_sciences,chemistry,1,Human-reviewed exact raw-value mapping; no runtime text inference.
0.3,化学・生命,multi,multi,multi,natural_sciences,biology,2,Human-reviewed exact raw-value mapping; no runtime text inference.
0.3,化学・生命,multi,multi,multi,life_sciences,biology_biotech,3,Human-reviewed exact raw-value mapping; no runtime text inference.
0.3,化学・生命・環境,multi,multi,multi,natural_sciences,chemistry,1,Human-reviewed exact raw-value mapping; no runtime text inference.
0.3,化学・生命・環境,multi,multi,multi,natural_sciences,biology,2,Human-reviewed exact raw-value mapping; no runtime text inference.
0.3,化学・生命・環境,multi,multi,multi,environment,,3,Human-reviewed exact raw-value mapping; no runtime text inference.
0.3,化学・生命・環境,multi,multi,multi,life_sciences,biology_biotech,4,Human-reviewed exact raw-value mapping; no runtime text inference.
0.3,化学・生命科学,multi,multi,multi,natural_sciences,chemistry,1,Human-reviewed exact raw-value mapping; no runtime text inference.
0.3,化学・生命科学,multi,multi,multi,natural_sciences,biology,2,Human-reviewed exact raw-value mapping; no runtime text inference.
0.3,化学・生命科学,multi,multi,multi,life_sciences,biology_biotech,3,Human-reviewed exact raw-value mapping; no runtime text inference.
0.3,医学,single,single,not_applicable,medicine,,1,Human-reviewed exact raw-value mapping; no runtime text inference.
0.3,医学科,single,single,not_applicable,medicine,,1,Human-reviewed exact raw-value mapping; no runtime text inference.
0.3,医工学,single,single,single,engineering,biomedical_engineering,1,Human-reviewed exact raw-value mapping; no runtime text inference.
0.3,医歯薬,multi,multi,not_applicable,medicine,,1,Human-reviewed exact raw-value mapping; no runtime text inference.
0.3,医歯薬,multi,multi,not_applicable,dentistry,,2,Human-reviewed exact raw-value mapping; no runtime text inference.
0.3,医歯薬,multi,multi,not_applicable,pharmacy,,3,Human-reviewed exact raw-value mapping; no runtime text inference.
0.3,医用工学,single,single,single,engineering,biomedical_engineering,1,Human-reviewed exact raw-value mapping; no runtime text inference.
0.3,医療,single,single,not_applicable,nursing_health,,1,Human-reviewed exact raw-value mapping; no runtime text inference.
0.3,医療ビジネス・薬科学,multi,multi,multi,business_commerce,management,1,Human-reviewed exact raw-value mapping; no runtime text inference.
0.3,医療ビジネス・薬科学,multi,multi,multi,pharmacy,pharmaceutical_science_drug_discovery,2,Human-reviewed exact raw-value mapping; no runtime text inference.
0.3,医療ビジネス薬科学（4年制）,multi,multi,multi,business_commerce,management,1,Human-reviewed exact raw-value mapping; no runtime text inference.
0.3,医療ビジネス薬科学（4年制）,multi,multi,multi,pharmacy,pharmaceutical_science_drug_discovery,2,Human-reviewed exact raw-value mapping; no runtime text inference.
0.3,医療・リハビリ,single,single,not_applicable,nursing_health,,1,Human-reviewed exact raw-value mapping; no runtime text inference.
0.3,医療・リハビリテーション,single,single,not_applicable,nursing_health,,1,Human-reviewed exact raw-value mapping; no runtime text inference.
0.3,医療・保健,single,single,not_applicable,nursing_health,,1,Human-reviewed exact raw-value mapping; no runtime text inference.
0.3,医療・健康,single,single,not_applicable,nursing_health,,1,Human-reviewed exact raw-value mapping; no runtime text inference.
0.3,医療・理学療法,single,single,single,nursing_health,physical_therapy,1,Human-reviewed exact raw-value mapping; no runtime text inference.
0.3,医療・生命,multi,multi,single,life_sciences,biology_biotech,1,Human-reviewed exact raw-value mapping; no runtime text inference.
0.3,医療・生命,multi,multi,single,nursing_health,,2,Human-reviewed exact raw-value mapping; no runtime text inference.
0.3,医療・福祉,multi,multi,not_applicable,nursing_health,,1,Human-reviewed exact raw-value mapping; no runtime text inference.
0.3,医療・福祉,multi,multi,not_applicable,welfare,,2,Human-reviewed exact raw-value mapping; no runtime text inference.
0.3,医療・臨床工学,multi,multi,single,engineering,,1,Human-reviewed exact raw-value mapping; no runtime text inference.
0.3,医療・臨床工学,multi,multi,single,nursing_health,clinical_engineering,2,Human-reviewed exact raw-value mapping; no runtime text inference.
0.3,医療・臨床検査,single,single,single,nursing_health,clinical_laboratory,1,Human-reviewed exact raw-value mapping; no runtime text inference.
0.3,医療・診療放射線,single,single,single,nursing_health,radiological_technology,1,Human-reviewed exact raw-value mapping; no runtime text inference.
0.3,医療工学,multi,multi,single,engineering,biomedical_engineering,1,Human-reviewed exact raw-value mapping; no runtime text inference.
0.3,医療工学,multi,multi,single,nursing_health,,2,Human-reviewed exact raw-value mapping; no runtime text inference.
0.3,医療工学・放射線,multi,multi,multi,engineering,biomedical_engineering,1,Human-reviewed exact raw-value mapping; no runtime text inference.
0.3,医療工学・放射線,multi,multi,multi,nursing_health,radiological_technology,2,Human-reviewed exact raw-value mapping; no runtime text inference.
0.3,医療工学・臨床工学,multi,multi,multi,engineering,biomedical_engineering,1,Human-reviewed exact raw-value mapping; no runtime text inference.
0.3,医療工学・臨床工学,multi,multi,multi,nursing_health,clinical_engineering,2,Human-reviewed exact raw-value mapping; no runtime text inference.
0.3,医療技術,single,single,not_applicable,nursing_health,,1,Human-reviewed exact raw-value mapping; no runtime text inference.
0.3,医療栄養,multi,multi,single,food_nutrition,nutrition,1,Human-reviewed exact raw-value mapping; no runtime text inference.
0.3,医療栄養,multi,multi,single,nursing_health,,2,Human-reviewed exact raw-value mapping; no runtime text inference.
0.3,医療検査,single,single,single,nursing_health,clinical_laboratory,1,Human-reviewed exact raw-value mapping; no runtime text inference.
0.3,医薬,multi,multi,not_applicable,medicine,,1,Human-reviewed exact raw-value membership; no runtime text inference.
0.3,医薬,multi,multi,not_applicable,pharmacy,,2,Human-reviewed exact raw-value membership; no runtime text inference.
0.3,危機管理,single,single,not_applicable,humanities_social_general,,1,Human-reviewed exact raw-value mapping; no runtime text inference.
0.3,哲学,single,single,single,humanities_culture_history,philosophy_thought,1,Human-reviewed exact raw-value membership; no runtime text inference.
0.3,哲学・思想,single,single,single,humanities_culture_history,philosophy_thought,1,Human-reviewed exact raw-value membership; no runtime text inference.
0.3,商・経営,multi,single,multi,business_commerce,management,1,Human-reviewed exact raw-value membership; no runtime text inference.
0.3,商・経営,multi,single,multi,business_commerce,commerce,2,Human-reviewed exact raw-value membership; no runtime text inference.
0.3,商学,single,single,single,business_commerce,commerce,1,Human-reviewed exact raw-value mapping; no runtime text inference.
0.3,商学・経営,multi,single,multi,business_commerce,management,1,Human-reviewed exact raw-value mapping; no runtime text inference.
0.3,商学・経営,multi,single,multi,business_commerce,commerce,2,Human-reviewed exact raw-value mapping; no runtime text inference.
0.3,商学・経済,multi,multi,multi,economics,economics_general,1,Human-reviewed exact raw-value mapping; no runtime text inference.
0.3,商学・経済,multi,multi,multi,business_commerce,commerce,2,Human-reviewed exact raw-value mapping; no runtime text inference.
0.3,国際,single,single,not_applicable,international_regional,,1,Human-reviewed exact raw-value mapping; no runtime text inference.
0.3,国際・人文,multi,multi,single,humanities_culture_history,,1,Human-reviewed exact raw-value mapping; no runtime text inference.
0.3,国際・人文,multi,multi,single,international_regional,international_studies,2,Human-reviewed exact raw-value mapping; no runtime text inference.
0.3,国際・人文社会,multi,multi,single,international_regional,international_studies,1,Human-reviewed exact raw-value mapping; no runtime text inference.
0.3,国際・人文社会,multi,multi,single,humanities_social_general,,2,Human-reviewed exact raw-value mapping; no runtime text inference.
0.3,国際・教育,multi,multi,single,international_regional,international_studies,1,Human-reviewed exact raw-value mapping; no runtime text inference.
0.3,国際・教育,multi,multi,single,education_childcare,,2,Human-reviewed exact raw-value mapping; no runtime text inference.
0.3,国際・教養,multi,multi,single,international_regional,international_studies,1,Human-reviewed exact raw-value membership; no runtime text inference.
0.3,国際・教養,multi,multi,single,interdisciplinary,,2,Human-reviewed exact raw-value membership; no runtime text inference.
0.3,国際・文化,multi,multi,multi,humanities_culture_history,culture,1,Human-reviewed exact raw-value mapping; no runtime text inference.
0.3,国際・文化,multi,multi,multi,international_regional,international_studies,2,Human-reviewed exact raw-value mapping; no runtime text inference.
0.3,国際・文理融合,multi,multi,single,international_regional,international_studies,1,Human-reviewed exact raw-value membership; no runtime text inference.
0.3,国際・文理融合,multi,multi,single,interdisciplinary,,2,Human-reviewed exact raw-value membership; no runtime text inference.
0.3,国際・社会,multi,multi,single,international_regional,international_studies,1,Human-reviewed exact raw-value mapping; no runtime text inference.
0.3,国際・社会,multi,multi,single,humanities_social_general,,2,Human-reviewed exact raw-value mapping; no runtime text inference.
0.3,国際・語学,multi,multi,multi,languages,foreign_languages,1,Human-reviewed exact raw-value mapping; no runtime text inference.
0.3,国際・語学,multi,multi,multi,international_regional,international_studies,2,Human-reviewed exact raw-value mapping; no runtime text inference.
0.3,国際・農食環境,multi,multi,multi,international_regional,international_studies,1,Human-reviewed exact raw-value mapping; no runtime text inference.
0.3,国際・農食環境,multi,multi,multi,environment,,2,Human-reviewed exact raw-value mapping; no runtime text inference.
0.3,国際・農食環境,multi,multi,multi,agriculture_fisheries,agriculture,3,Human-reviewed exact raw-value mapping; no runtime text inference.
0.3,国際・農食環境,multi,multi,multi,food_nutrition,food_science,4,Human-reviewed exact raw-value mapping; no runtime text inference.
0.3,国際農業・開発,multi,multi,multi,international_regional,international_studies,1,Human-reviewed exact raw-value mapping; no runtime text inference.
0.3,国際農業・開発,multi,multi,multi,agriculture_fisheries,agriculture,2,Human-reviewed exact raw-value mapping; no runtime text inference.
0.3,国際食農,multi,multi,multi,international_regional,international_studies,1,Human-reviewed exact raw-value mapping; no runtime text inference.
0.3,国際食農,multi,multi,multi,agriculture_fisheries,agriculture,2,Human-reviewed exact raw-value mapping; no runtime text inference.
0.3,国際食農,multi,multi,multi,food_nutrition,food_science,3,Human-reviewed exact raw-value mapping; no runtime text inference.
0.3,土木・環境,multi,multi,multi,engineering,civil_infrastructure,1,Human-reviewed exact raw-value mapping; no runtime text inference.
0.3,土木・環境,multi,multi,multi,environment,environmental_engineering,2,Human-reviewed exact raw-value mapping; no runtime text inference.
0.3,土木・都市,multi,multi,multi,engineering,civil_infrastructure,1,Human-reviewed exact raw-value mapping; no runtime text inference.
0.3,土木・都市,multi,multi,multi,architecture_urban,urban_planning,2,Human-reviewed exact raw-value mapping; no runtime text inference.
0.3,地域,review_required,review_required,review_required,,,,Raw-level ambiguity retained; resolve only through an approved exact context.
0.3,地域デザイン,review_required,review_required,review_required,,,,Raw label mixes community design and tourism design; exact context mapping is authoritative.
0.3,地域・公共,multi,multi,multi,law_politics_policy,public_policy_administration,1,Human-reviewed exact raw-value mapping; no runtime text inference.
0.3,地域・公共,multi,multi,multi,sociology_community,community_regional_society,2,Human-reviewed exact raw-value mapping; no runtime text inference.
0.3,地域・文化,multi,multi,multi,humanities_culture_history,culture,1,Human-reviewed exact raw-value mapping; no runtime text inference.
0.3,地域・文化,multi,multi,multi,sociology_community,community_regional_society,2,Human-reviewed exact raw-value mapping; no runtime text inference.
0.3,地域・環境,multi,multi,single,sociology_community,community_regional_society,1,Human-reviewed exact raw-value mapping; no runtime text inference.
0.3,地域・環境,multi,multi,single,environment,,2,Human-reviewed exact raw-value mapping; no runtime text inference.
0.3,地域・社会,single,single,single,sociology_community,community_regional_society,1,Human-reviewed exact raw-value mapping; no runtime text inference.
0.3,地域・経営,multi,multi,multi,business_commerce,management,1,Human-reviewed exact raw-value mapping; no runtime text inference.
0.3,地域・経営,multi,multi,multi,sociology_community,community_regional_society,2,Human-reviewed exact raw-value mapping; no runtime text inference.
0.3,地学,single,single,single,natural_sciences,earth_space_science,1,Human-reviewed exact raw-value mapping; no runtime text inference.
0.3,地球・環境,multi,multi,single,natural_sciences,earth_space_science,1,Human-reviewed exact raw-value mapping; no runtime text inference.
0.3,地球・環境,multi,multi,single,environment,,2,Human-reviewed exact raw-value mapping; no runtime text inference.
0.3,地球科学,single,single,single,natural_sciences,earth_space_science,1,Human-reviewed exact raw-value membership; no runtime text inference.
0.3,地理・地域,single,single,single,international_regional,regional_studies,1,Human-reviewed exact raw-value membership; no runtime text inference.
0.3,地理・環境,multi,multi,not_applicable,humanities_social_general,,1,Human-reviewed exact raw-value mapping; no runtime text inference.
0.3,地理・環境,multi,multi,not_applicable,environment,,2,Human-reviewed exact raw-value mapping; no runtime text inference.
0.3,外国語,single,single,single,languages,foreign_languages,1,Human-reviewed exact raw-value mapping; no runtime text inference.
0.3,外国語・国際,multi,multi,multi,languages,foreign_languages,1,Human-reviewed exact raw-value mapping; no runtime text inference.
0.3,外国語・国際,multi,multi,multi,international_regional,international_studies,2,Human-reviewed exact raw-value mapping; no runtime text inference.
0.3,学際,single,single,not_applicable,interdisciplinary,,1,Human-reviewed exact raw-value mapping; no runtime text inference.
0.3,学際・総合,single,single,not_applicable,interdisciplinary,,1,Human-reviewed exact raw-value mapping; no runtime text inference.
0.3,宇宙・半導体工学,multi,single,multi,engineering,electrical_electronic,1,Human-reviewed exact raw-value mapping; no runtime text inference.
0.3,宇宙・半導体工学,multi,single,multi,engineering,aerospace,2,Human-reviewed exact raw-value mapping; no runtime text inference.
0.3,宗教・神学,single,single,single,humanities_culture_history,religion,1,Human-reviewed exact raw-value membership; no runtime text inference.
0.3,工学,single,single,not_applicable,engineering,,1,Human-reviewed exact raw-value mapping; no runtime text inference.
0.3,工学・スポーツ,multi,multi,not_applicable,engineering,,1,Human-reviewed exact raw-value mapping; no runtime text inference.
0.3,工学・スポーツ,multi,multi,not_applicable,sports,,2,Human-reviewed exact raw-value mapping; no runtime text inference.
0.3,工学・デザイン,multi,multi,single,engineering,,1,Human-reviewed exact raw-value mapping; no runtime text inference.
0.3,工学・デザイン,multi,multi,single,arts_design,design,2,Human-reviewed exact raw-value mapping; no runtime text inference.
0.3,工学・マネジメント,multi,multi,single,business_commerce,management,1,Human-reviewed exact raw-value mapping; no runtime text inference.
0.3,工学・マネジメント,multi,multi,single,engineering,,2,Human-reviewed exact raw-value mapping; no runtime text inference.
0.3,工学・ロボティクス,single,single,single,engineering,robotics_control,1,Human-reviewed exact raw-value mapping; no runtime text inference.
0.3,工学・交通,single,single,not_applicable,engineering,,1,Human-reviewed exact raw-value mapping; no runtime text inference.
0.3,工学・人間科学,multi,multi,not_applicable,humanities_social_general,,1,Human-reviewed exact raw-value membership; no runtime text inference.
0.3,工学・人間科学,multi,multi,not_applicable,engineering,,2,Human-reviewed exact raw-value membership; no runtime text inference.
0.3,工学・共創,multi,multi,not_applicable,engineering,,1,Human-reviewed exact raw-value mapping; no runtime text inference.
0.3,工学・共創,multi,multi,not_applicable,interdisciplinary,,2,Human-reviewed exact raw-value mapping; no runtime text inference.
0.3,工学・化学,multi,multi,multi,natural_sciences,chemistry,1,Human-reviewed exact raw-value mapping; no runtime text inference.
0.3,工学・化学,multi,multi,multi,engineering,chemical_engineering,2,Human-reviewed exact raw-value mapping; no runtime text inference.
0.3,工学・化学・材料,multi,multi,multi,natural_sciences,chemistry,1,Human-reviewed exact raw-value mapping; no runtime text inference.
0.3,工学・化学・材料,multi,multi,multi,engineering,materials,2,Human-reviewed exact raw-value mapping; no runtime text inference.
0.3,工学・化学・材料,multi,multi,multi,engineering,chemical_engineering,3,Human-reviewed exact raw-value mapping; no runtime text inference.
0.3,工学・化学・生命,multi,multi,multi,natural_sciences,chemistry,1,Human-reviewed exact raw-value mapping; no runtime text inference.
0.3,工学・化学・生命,multi,multi,multi,natural_sciences,biology,2,Human-reviewed exact raw-value mapping; no runtime text inference.
0.3,工学・化学・生命,multi,multi,multi,engineering,chemical_engineering,3,Human-reviewed exact raw-value mapping; no runtime text inference.
0.3,工学・化学・生命,multi,multi,multi,life_sciences,biology_biotech,4,Human-reviewed exact raw-value mapping; no runtime text inference.
0.3,工学・医療,multi,multi,not_applicable,engineering,,1,Human-reviewed exact raw-value mapping; no runtime text inference.
0.3,工学・医療,multi,multi,not_applicable,nursing_health,,2,Human-reviewed exact raw-value mapping; no runtime text inference.
0.3,工学・医薬,multi,multi,not_applicable,engineering,,1,Human-reviewed exact raw-value mapping; no runtime text inference.
0.3,工学・医薬,multi,multi,not_applicable,pharmacy,,2,Human-reviewed exact raw-value mapping; no runtime text inference.
0.3,工学・原子力,single,single,single,engineering,nuclear_energy,1,Human-reviewed exact raw-value mapping; no runtime text inference.
0.3,工学・土木,single,single,single,engineering,civil_infrastructure,1,Human-reviewed exact raw-value mapping; no runtime text inference.
0.3,工学・土木・都市防災,single,single,single,engineering,civil_infrastructure,1,Human-reviewed exact raw-value mapping; no runtime text inference.
0.3,工学・情報,multi,multi,not_applicable,engineering,,1,Human-reviewed exact raw-value mapping; no runtime text inference.
0.3,工学・情報,multi,multi,not_applicable,information,,2,Human-reviewed exact raw-value mapping; no runtime text inference.
0.3,工学・情報通信,multi,multi,single,engineering,,1,Human-reviewed exact raw-value mapping; no runtime text inference.
0.3,工学・情報通信,multi,multi,single,information,networks_communications,2,Human-reviewed exact raw-value mapping; no runtime text inference.
0.3,工学・情報電子,multi,multi,single,engineering,electrical_electronic,1,Human-reviewed exact raw-value mapping; no runtime text inference.
0.3,工学・情報電子,multi,multi,single,information,,2,Human-reviewed exact raw-value mapping; no runtime text inference.
0.3,工学・材料,single,single,single,engineering,materials,1,Human-reviewed exact raw-value mapping; no runtime text inference.
0.3,工学・材料・化学,multi,multi,multi,natural_sciences,chemistry,1,Human-reviewed exact raw-value mapping; no runtime text inference.
0.3,工学・材料・化学,multi,multi,multi,engineering,materials,2,Human-reviewed exact raw-value mapping; no runtime text inference.
0.3,工学・材料・表面工学,single,single,single,engineering,materials,1,Human-reviewed exact raw-value mapping; no runtime text inference.
0.3,工学・機械,single,single,single,engineering,mechanical,1,Human-reviewed exact raw-value mapping; no runtime text inference.
0.3,工学・機械・情報,multi,multi,single,engineering,mechanical,1,Human-reviewed exact raw-value mapping; no runtime text inference.
0.3,工学・機械・情報,multi,multi,single,information,,2,Human-reviewed exact raw-value mapping; no runtime text inference.
0.3,工学・機械・電気,multi,single,multi,engineering,mechanical,1,Human-reviewed exact raw-value mapping; no runtime text inference.
0.3,工学・機械・電気,multi,single,multi,engineering,electrical_electronic,2,Human-reviewed exact raw-value mapping; no runtime text inference.
0.3,工学・機械情報,multi,multi,single,engineering,mechanical,1,Human-reviewed exact raw-value mapping; no runtime text inference.
0.3,工学・機械情報,multi,multi,single,information,,2,Human-reviewed exact raw-value mapping; no runtime text inference.
0.3,工学・機械航空,multi,single,multi,engineering,mechanical,1,Human-reviewed exact raw-value mapping; no runtime text inference.
0.3,工学・機械航空,multi,single,multi,engineering,aerospace,2,Human-reviewed exact raw-value mapping; no runtime text inference.
0.3,工学・物理,multi,multi,single,natural_sciences,physics,1,Human-reviewed exact raw-value mapping; no runtime text inference.
0.3,工学・物理,multi,multi,single,engineering,,2,Human-reviewed exact raw-value mapping; no runtime text inference.
0.3,工学・理学,multi,multi,not_applicable,natural_sciences,,1,Human-reviewed exact raw-value mapping; no runtime text inference.
0.3,工学・理学,multi,multi,not_applicable,engineering,,2,Human-reviewed exact raw-value mapping; no runtime text inference.
0.3,工学・環境,multi,multi,not_applicable,engineering,,1,Human-reviewed exact raw-value mapping; no runtime text inference.
0.3,工学・環境,multi,multi,not_applicable,environment,,2,Human-reviewed exact raw-value mapping; no runtime text inference.
0.3,工学・環境・化学,multi,multi,single,natural_sciences,chemistry,1,Human-reviewed exact raw-value mapping; no runtime text inference.
0.3,工学・環境・化学,multi,multi,single,engineering,,2,Human-reviewed exact raw-value mapping; no runtime text inference.
0.3,工学・環境・化学,multi,multi,single,environment,,3,Human-reviewed exact raw-value mapping; no runtime text inference.
0.3,工学・環境安全,multi,multi,not_applicable,engineering,,1,Human-reviewed exact raw-value mapping; no runtime text inference.
0.3,工学・環境安全,multi,multi,not_applicable,environment,,2,Human-reviewed exact raw-value mapping; no runtime text inference.
0.3,工学・環境科学,multi,multi,single,engineering,,1,Human-reviewed exact raw-value mapping; no runtime text inference.
0.3,工学・環境科学,multi,multi,single,environment,environmental_science,2,Human-reviewed exact raw-value mapping; no runtime text inference.
0.3,工学・環境都市,multi,multi,not_applicable,engineering,,1,Human-reviewed exact raw-value mapping; no runtime text inference.
0.3,工学・環境都市,multi,multi,not_applicable,environment,,2,Human-reviewed exact raw-value mapping; no runtime text inference.
0.3,工学・生命科学,multi,multi,single,engineering,,1,Human-reviewed exact raw-value mapping; no runtime text inference.
0.3,工学・生命科学,multi,multi,single,life_sciences,biology_biotech,2,Human-reviewed exact raw-value mapping; no runtime text inference.
0.3,工学・社会基盤,single,single,single,engineering,civil_infrastructure,1,Human-reviewed exact raw-value mapping; no runtime text inference.
0.3,工学・第一次産業,multi,multi,not_applicable,engineering,,1,Human-reviewed exact raw-value mapping; no runtime text inference.
0.3,工学・第一次産業,multi,multi,not_applicable,agriculture_fisheries,,2,Human-reviewed exact raw-value mapping; no runtime text inference.
0.3,工学・経営,multi,multi,single,business_commerce,management,1,Human-reviewed exact raw-value mapping; no runtime text inference.
0.3,工学・経営,multi,multi,single,engineering,,2,Human-reviewed exact raw-value mapping; no runtime text inference.
0.3,工学・経営工学,single,single,not_applicable,engineering,,1,Human-reviewed exact raw-value mapping; no runtime text inference.
0.3,工学・都市,multi,multi,single,engineering,,1,Human-reviewed exact raw-value mapping; no runtime text inference.
0.3,工学・都市,multi,multi,single,architecture_urban,urban_planning,2,Human-reviewed exact raw-value mapping; no runtime text inference.
0.3,工学・都市環境,multi,multi,single,engineering,,1,Human-reviewed exact raw-value mapping; no runtime text inference.
0.3,工学・都市環境,multi,multi,single,architecture_urban,urban_planning,2,Human-reviewed exact raw-value mapping; no runtime text inference.
0.3,工学・都市環境,multi,multi,single,environment,,3,Human-reviewed exact raw-value mapping; no runtime text inference.
0.3,工学・電子,single,single,single,engineering,electrical_electronic,1,Human-reviewed exact raw-value mapping; no runtime text inference.
0.3,工学・電気,single,single,single,engineering,electrical_electronic,1,Human-reviewed exact raw-value mapping; no runtime text inference.
0.3,工学・電気・ロボティクス,multi,single,multi,engineering,electrical_electronic,1,Human-reviewed exact raw-value mapping; no runtime text inference.
0.3,工学・電気・ロボティクス,multi,single,multi,engineering,robotics_control,2,Human-reviewed exact raw-value mapping; no runtime text inference.
0.3,工学・電気・情報通信,multi,multi,multi,engineering,electrical_electronic,1,Human-reviewed exact raw-value mapping; no runtime text inference.
0.3,工学・電気・情報通信,multi,multi,multi,information,networks_communications,2,Human-reviewed exact raw-value mapping; no runtime text inference.
0.3,工学・電気電子,single,single,single,engineering,electrical_electronic,1,Human-reviewed exact raw-value mapping; no runtime text inference.
0.3,工学・電気電子情報,multi,multi,single,engineering,electrical_electronic,1,Human-reviewed exact raw-value mapping; no runtime text inference.
0.3,工学・電気電子情報,multi,multi,single,information,,2,Human-reviewed exact raw-value mapping; no runtime text inference.
0.3,工学・電気電子通信,multi,multi,multi,engineering,electrical_electronic,1,Human-reviewed exact raw-value mapping; no runtime text inference.
0.3,工学・電気電子通信,multi,multi,multi,information,networks_communications,2,Human-reviewed exact raw-value mapping; no runtime text inference.
0.3,建築,single,single,single,architecture_urban,architecture,1,Human-reviewed exact raw-value mapping; no runtime text inference.
0.3,建築・デザイン,multi,multi,multi,architecture_urban,architecture,1,Human-reviewed exact raw-value mapping; no runtime text inference.
0.3,建築・デザイン,multi,multi,multi,architecture_urban,architectural_design,2,Human-reviewed exact raw-value mapping; no runtime text inference.
0.3,建築・デザイン,multi,multi,multi,arts_design,design,3,Human-reviewed exact raw-value mapping; no runtime text inference.
0.3,建築・海洋,multi,multi,single,engineering,,1,Human-reviewed exact raw-value mapping; no runtime text inference.
0.3,建築・海洋,multi,multi,single,architecture_urban,architecture,2,Human-reviewed exact raw-value mapping; no runtime text inference.
0.3,建築・環境,multi,multi,single,architecture_urban,architecture,1,Human-reviewed exact raw-value mapping; no runtime text inference.
0.3,建築・環境,multi,multi,single,environment,,2,Human-reviewed exact raw-value mapping; no runtime text inference.
0.3,建築・環境・都市,multi,multi,multi,architecture_urban,architecture,1,Human-reviewed exact raw-value mapping; no runtime text inference.
0.3,建築・環境・都市,multi,multi,multi,architecture_urban,urban_planning,2,Human-reviewed exact raw-value mapping; no runtime text inference.
0.3,建築・環境・都市,multi,multi,multi,environment,,3,Human-reviewed exact raw-value mapping; no runtime text inference.
0.3,建築・生活,multi,multi,single,architecture_urban,architecture,1,Human-reviewed exact raw-value mapping; no runtime text inference.
0.3,建築・生活,multi,multi,single,home_lifestyle,,2,Human-reviewed exact raw-value mapping; no runtime text inference.
0.3,建築・都市,multi,single,multi,architecture_urban,architecture,1,Human-reviewed exact raw-value mapping; no runtime text inference.
0.3,建築・都市,multi,single,multi,architecture_urban,urban_planning,2,Human-reviewed exact raw-value mapping; no runtime text inference.
0.3,建築・都市工学,multi,multi,multi,engineering,,1,Human-reviewed exact raw-value mapping; no runtime text inference.
0.3,建築・都市工学,multi,multi,multi,architecture_urban,architecture,2,Human-reviewed exact raw-value mapping; no runtime text inference.
0.3,建築・都市工学,multi,multi,multi,architecture_urban,urban_planning,3,Human-reviewed exact raw-value mapping; no runtime text inference.
0.3,心理,single,single,single,psychology,psychology_general,1,Human-reviewed exact raw-value mapping; no runtime text inference.
0.3,心理・保健,multi,multi,single,psychology,psychology_general,1,Human-reviewed exact raw-value mapping; no runtime text inference.
0.3,心理・保健,multi,multi,single,nursing_health,,2,Human-reviewed exact raw-value mapping; no runtime text inference.
0.3,心理・臨床心理,single,single,single,psychology,clinical_psychology,1,Human-reviewed exact raw-value mapping; no runtime text inference.
0.3,応用化学,multi,multi,multi,natural_sciences,chemistry,1,Human-reviewed exact raw-value mapping; no runtime text inference.
0.3,応用化学,multi,multi,multi,engineering,chemical_engineering,2,Human-reviewed exact raw-value mapping; no runtime text inference.
0.3,応用化学・生命科学,multi,multi,multi,natural_sciences,chemistry,1,Human-reviewed exact raw-value mapping; no runtime text inference.
0.3,応用化学・生命科学,multi,multi,multi,natural_sciences,biology,2,Human-reviewed exact raw-value mapping; no runtime text inference.
0.3,応用化学・生命科学,multi,multi,multi,engineering,chemical_engineering,3,Human-reviewed exact raw-value mapping; no runtime text inference.
0.3,応用化学・生命科学,multi,multi,multi,life_sciences,biology_biotech,4,Human-reviewed exact raw-value mapping; no runtime text inference.
0.3,情報,single,single,single,information,computer_science,1,Human-reviewed exact raw-value mapping; no runtime text inference.
0.3,情報システム,single,single,single,information,software_systems,1,Human-reviewed exact raw-value mapping; no runtime text inference.
0.3,情報・AI,single,single,single,information,ai_machine_learning,1,Human-reviewed exact raw-value mapping; no runtime text inference.
0.3,情報・IoT,single,single,single,information,iot_digital,1,Human-reviewed exact raw-value mapping; no runtime text inference.
0.3,情報・ソフトウェア,single,single,single,information,software_systems,1,Human-reviewed exact raw-value mapping; no runtime text inference.
0.3,情報・デザイン,multi,multi,single,information,,1,Human-reviewed exact raw-value mapping; no runtime text inference.
0.3,情報・デザイン,multi,multi,single,arts_design,design,2,Human-reviewed exact raw-value mapping; no runtime text inference.
0.3,情報・デジタル,single,single,single,information,iot_digital,1,Human-reviewed exact raw-value mapping; no runtime text inference.
0.3,情報・データサイエンス,single,single,single,information,data_science_statistics,1,Human-reviewed exact raw-value mapping; no runtime text inference.
0.3,情報・データ・文化,multi,multi,single,humanities_culture_history,culture,1,Human-reviewed exact raw-value mapping; no runtime text inference.
0.3,情報・データ・文化,multi,multi,single,information,,2,Human-reviewed exact raw-value mapping; no runtime text inference.
0.3,情報・データ科学,single,single,single,information,data_science_statistics,1,Human-reviewed exact raw-value mapping; no runtime text inference.
0.3,情報・メディア,multi,multi,multi,media_communication,media,1,Human-reviewed exact raw-value mapping; no runtime text inference.
0.3,情報・メディア,multi,multi,multi,information,media_information,2,Human-reviewed exact raw-value mapping; no runtime text inference.
0.3,情報・メディアサイエンス,multi,multi,multi,media_communication,media,1,Human-reviewed exact raw-value mapping; no runtime text inference.
0.3,情報・メディアサイエンス,multi,multi,multi,information,media_information,2,Human-reviewed exact raw-value mapping; no runtime text inference.
0.3,情報・メディア工学,multi,multi,multi,media_communication,media,1,Human-reviewed exact raw-value mapping; no runtime text inference.
0.3,情報・メディア工学,multi,multi,multi,engineering,,2,Human-reviewed exact raw-value mapping; no runtime text inference.
0.3,情報・メディア工学,multi,multi,multi,information,media_information,3,Human-reviewed exact raw-value mapping; no runtime text inference.
0.3,情報・人文,multi,multi,not_applicable,humanities_culture_history,,1,Human-reviewed exact raw-value mapping; no runtime text inference.
0.3,情報・人文,multi,multi,not_applicable,information,,2,Human-reviewed exact raw-value mapping; no runtime text inference.
0.3,情報・人間科学,single,single,not_applicable,information,,1,Human-reviewed exact raw-value mapping; no runtime text inference.
0.3,情報・健康,multi,multi,not_applicable,information,,1,Human-reviewed exact raw-value mapping; no runtime text inference.
0.3,情報・健康,multi,multi,not_applicable,nursing_health,,2,Human-reviewed exact raw-value mapping; no runtime text inference.
0.3,情報・医療,multi,multi,not_applicable,information,,1,Human-reviewed exact raw-value mapping; no runtime text inference.
0.3,情報・医療,multi,multi,not_applicable,nursing_health,,2,Human-reviewed exact raw-value mapping; no runtime text inference.
0.3,情報・学際,multi,multi,not_applicable,information,,1,Human-reviewed exact raw-value mapping; no runtime text inference.
0.3,情報・学際,multi,multi,not_applicable,interdisciplinary,,2,Human-reviewed exact raw-value mapping; no runtime text inference.
0.3,情報・工学,multi,multi,not_applicable,engineering,,1,Human-reviewed exact raw-value mapping; no runtime text inference.
0.3,情報・工学,multi,multi,not_applicable,information,,2,Human-reviewed exact raw-value mapping; no runtime text inference.
0.3,情報・工学・ロボティクス,multi,multi,single,engineering,robotics_control,1,Human-reviewed exact raw-value mapping; no runtime text inference.
0.3,情報・工学・ロボティクス,multi,multi,single,information,,2,Human-reviewed exact raw-value mapping; no runtime text inference.
0.3,情報・心理・スポーツ,multi,multi,single,psychology,psychology_general,1,Human-reviewed exact raw-value mapping; no runtime text inference.
0.3,情報・心理・スポーツ,multi,multi,single,information,,2,Human-reviewed exact raw-value mapping; no runtime text inference.
0.3,情報・心理・スポーツ,multi,multi,single,sports,,3,Human-reviewed exact raw-value mapping; no runtime text inference.
0.3,情報・数学,multi,multi,single,natural_sciences,mathematics_statistics,1,Human-reviewed exact raw-value mapping; no runtime text inference.
0.3,情報・数学,multi,multi,single,information,,2,Human-reviewed exact raw-value mapping; no runtime text inference.
0.3,情報・数理,multi,multi,single,natural_sciences,mathematics_statistics,1,Human-reviewed exact raw-value mapping; no runtime text inference.
0.3,情報・数理,multi,multi,single,information,,2,Human-reviewed exact raw-value mapping; no runtime text inference.
0.3,情報・文理融合,multi,multi,not_applicable,information,,1,Human-reviewed exact raw-value membership; no runtime text inference.
0.3,情報・文理融合,multi,multi,not_applicable,interdisciplinary,,2,Human-reviewed exact raw-value membership; no runtime text inference.
0.3,情報・理学,multi,multi,not_applicable,natural_sciences,,1,Human-reviewed exact raw-value mapping; no runtime text inference.
0.3,情報・理学,multi,multi,not_applicable,information,,2,Human-reviewed exact raw-value mapping; no runtime text inference.
0.3,情報・理工,multi,multi,not_applicable,natural_sciences,,1,Human-reviewed exact raw-value mapping; no runtime text inference.
0.3,情報・理工,multi,multi,not_applicable,engineering,,2,Human-reviewed exact raw-value mapping; no runtime text inference.
0.3,情報・理工,multi,multi,not_applicable,information,,3,Human-reviewed exact raw-value mapping; no runtime text inference.
0.3,情報・環境・生命,multi,multi,single,information,,1,Human-reviewed exact raw-value mapping; no runtime text inference.
0.3,情報・環境・生命,multi,multi,single,environment,,2,Human-reviewed exact raw-value mapping; no runtime text inference.
0.3,情報・環境・生命,multi,multi,single,life_sciences,biology_biotech,3,Human-reviewed exact raw-value mapping; no runtime text inference.
0.3,情報・生命,multi,multi,single,information,,1,Human-reviewed exact raw-value mapping; no runtime text inference.
0.3,情報・生命,multi,multi,single,life_sciences,biology_biotech,2,Human-reviewed exact raw-value mapping; no runtime text inference.
0.3,情報・社会,multi,multi,not_applicable,humanities_social_general,,1,Human-reviewed exact raw-value mapping; no runtime text inference.
0.3,情報・社会,multi,multi,not_applicable,information,,2,Human-reviewed exact raw-value mapping; no runtime text inference.
0.3,情報・社会情報,multi,multi,not_applicable,humanities_social_general,,1,Human-reviewed exact raw-value mapping; no runtime text inference.
0.3,情報・社会情報,multi,multi,not_applicable,information,,2,Human-reviewed exact raw-value mapping; no runtime text inference.
0.3,情報・融合工学,multi,multi,not_applicable,engineering,,1,Human-reviewed exact raw-value mapping; no runtime text inference.
0.3,情報・融合工学,multi,multi,not_applicable,information,,2,Human-reviewed exact raw-value mapping; no runtime text inference.
0.3,情報・融合工学,multi,multi,not_applicable,interdisciplinary,,3,Human-reviewed exact raw-value mapping; no runtime text inference.
0.3,情報・通信,multi,multi,single,engineering,,1,Human-reviewed exact raw-value mapping; no runtime text inference.
0.3,情報・通信,multi,multi,single,information,networks_communications,2,Human-reviewed exact raw-value mapping; no runtime text inference.
0.3,情報・通信工学,multi,multi,single,engineering,,1,Human-reviewed exact raw-value mapping; no runtime text inference.
0.3,情報・通信工学,multi,multi,single,information,networks_communications,2,Human-reviewed exact raw-value mapping; no runtime text inference.
0.3,情報・電気電子,multi,multi,single,engineering,electrical_electronic,1,Human-reviewed exact raw-value mapping; no runtime text inference.
0.3,情報・電気電子,multi,multi,single,information,,2,Human-reviewed exact raw-value mapping; no runtime text inference.
0.3,情報工学,multi,multi,single,engineering,,1,Human-reviewed exact raw-value mapping; no runtime text inference.
0.3,情報工学,multi,multi,single,information,computer_science,2,Human-reviewed exact raw-value mapping; no runtime text inference.
0.3,情報理工,multi,multi,single,natural_sciences,,1,Human-reviewed exact raw-value mapping; no runtime text inference.
0.3,情報理工,multi,multi,single,engineering,,2,Human-reviewed exact raw-value mapping; no runtime text inference.
0.3,情報理工,multi,multi,single,information,computer_science,3,Human-reviewed exact raw-value mapping; no runtime text inference.
0.3,情報科学,single,single,single,information,computer_science,1,Human-reviewed exact raw-value mapping; no runtime text inference.
0.3,情報通信・ネットワーク,multi,multi,single,engineering,,1,Human-reviewed exact raw-value mapping; no runtime text inference.
0.3,情報通信・ネットワーク,multi,multi,single,information,networks_communications,2,Human-reviewed exact raw-value mapping; no runtime text inference.
0.3,情報通信工学,multi,multi,single,engineering,,1,Human-reviewed exact raw-value mapping; no runtime text inference.
0.3,情報通信工学,multi,multi,single,information,networks_communications,2,Human-reviewed exact raw-value mapping; no runtime text inference.
0.3,政策・社会・情報,multi,multi,single,law_politics_policy,public_policy_administration,1,Human-reviewed exact raw-value mapping; no runtime text inference.
0.3,政策・社会・情報,multi,multi,single,humanities_social_general,,2,Human-reviewed exact raw-value mapping; no runtime text inference.
0.3,政策・社会・情報,multi,multi,single,information,,3,Human-reviewed exact raw-value mapping; no runtime text inference.
0.3,救急救命・医療,single,single,single,nursing_health,emergency_medical,1,Human-reviewed exact raw-value mapping; no runtime text inference.
0.3,教育,single,single,not_applicable,education_childcare,,1,Human-reviewed exact raw-value mapping; no runtime text inference.
0.3,教育・キャリア,single,single,not_applicable,education_childcare,,1,Human-reviewed exact raw-value membership; no runtime text inference.
0.3,教育・保育,single,single,single,education_childcare,childcare_early_childhood,1,Human-reviewed exact raw-value mapping; no runtime text inference.
0.3,教育・国際,multi,multi,single,international_regional,international_studies,1,Human-reviewed exact raw-value membership; no runtime text inference.
0.3,教育・国際,multi,multi,single,education_childcare,,2,Human-reviewed exact raw-value membership; no runtime text inference.
0.3,教育・子ども,single,single,single,education_childcare,childcare_early_childhood,1,Human-reviewed exact raw-value mapping; no runtime text inference.
0.3,教育・工学,multi,multi,not_applicable,education_childcare,,1,Human-reviewed exact raw-value mapping; no runtime text inference.
0.3,教育・工学,multi,multi,not_applicable,engineering,,2,Human-reviewed exact raw-value mapping; no runtime text inference.
0.3,教育・教員養成,single,single,single,education_childcare,teacher_education,1,Human-reviewed exact raw-value mapping; no runtime text inference.
0.3,教育・数学,multi,multi,multi,education_childcare,science_math_education,1,Human-reviewed exact raw-value membership; no runtime text inference.
0.3,教育・数学,multi,multi,multi,natural_sciences,mathematics_statistics,2,Human-reviewed exact raw-value membership; no runtime text inference.
0.3,教育・理数,multi,multi,single,education_childcare,science_math_education,1,Human-reviewed exact raw-value mapping; no runtime text inference.
0.3,教育・理数,multi,multi,single,natural_sciences,,2,Human-reviewed exact raw-value mapping; no runtime text inference.
0.3,教育・理科,multi,multi,single,education_childcare,science_math_education,1,Human-reviewed exact raw-value membership; no runtime text inference.
0.3,教育・理科,multi,multi,single,natural_sciences,,2,Human-reviewed exact raw-value membership; no runtime text inference.
0.3,教育・福祉,multi,multi,not_applicable,education_childcare,,1,Human-reviewed exact raw-value mapping; no runtime text inference.
0.3,教育・福祉,multi,multi,not_applicable,welfare,,2,Human-reviewed exact raw-value mapping; no runtime text inference.
0.3,教育・芸術,multi,multi,not_applicable,education_childcare,,1,Human-reviewed exact raw-value membership; no runtime text inference.
0.3,教育・芸術,multi,multi,not_applicable,arts_design,,2,Human-reviewed exact raw-value membership; no runtime text inference.
0.3,教育支援,single,single,single,education_childcare,education_support,1,Human-reviewed exact raw-value mapping; no runtime text inference.
0.3,教養・リベラルアーツ,single,single,not_applicable,interdisciplinary,,1,Human-reviewed exact raw-value membership; no runtime text inference.
0.3,数学,single,single,single,natural_sciences,mathematics_statistics,1,Human-reviewed exact raw-value mapping; no runtime text inference.
0.3,数学・教員養成,multi,multi,multi,education_childcare,teacher_education,1,Human-reviewed exact raw-value mapping; no runtime text inference.
0.3,数学・教員養成,multi,multi,multi,natural_sciences,mathematics_statistics,2,Human-reviewed exact raw-value mapping; no runtime text inference.
0.3,数学・理学,single,single,single,natural_sciences,mathematics_statistics,1,Human-reviewed exact raw-value membership; no runtime text inference.
0.3,数理工学,multi,multi,single,natural_sciences,mathematics_statistics,1,Human-reviewed exact raw-value mapping; no runtime text inference.
0.3,数理工学,multi,multi,single,engineering,,2,Human-reviewed exact raw-value mapping; no runtime text inference.
0.3,数理科学,single,single,single,natural_sciences,mathematics_statistics,1,Human-reviewed exact raw-value mapping; no runtime text inference.
0.3,数理科学・統計,multi,multi,multi,natural_sciences,mathematics_statistics,1,Human-reviewed exact raw-value mapping; no runtime text inference.
0.3,数理科学・統計,multi,multi,multi,information,data_science_statistics,2,Human-reviewed exact raw-value mapping; no runtime text inference.
0.3,文化・地域,multi,multi,multi,humanities_culture_history,culture,1,Human-reviewed exact raw-value mapping; no runtime text inference.
0.3,文化・地域,multi,multi,multi,sociology_community,community_regional_society,2,Human-reviewed exact raw-value mapping; no runtime text inference.
0.3,文化・情報,multi,multi,single,humanities_culture_history,culture,1,Human-reviewed exact raw-value mapping; no runtime text inference.
0.3,文化・情報,multi,multi,single,information,,2,Human-reviewed exact raw-value mapping; no runtime text inference.
0.3,文化・文学,single,single,single,humanities_culture_history,literature,1,Human-reviewed exact raw-value mapping; no runtime text inference.
0.3,文化・芸術,multi,multi,single,humanities_culture_history,culture,1,Human-reviewed exact raw-value membership; no runtime text inference.
0.3,文化・芸術,multi,multi,single,arts_design,,2,Human-reviewed exact raw-value membership; no runtime text inference.
0.3,文化政策,multi,multi,multi,humanities_culture_history,culture,1,Human-reviewed exact raw-value mapping; no runtime text inference.
0.3,文化政策,multi,multi,multi,law_politics_policy,public_policy_administration,2,Human-reviewed exact raw-value mapping; no runtime text inference.
0.3,文学・メディア,multi,multi,multi,humanities_culture_history,literature,1,Human-reviewed exact raw-value membership; no runtime text inference.
0.3,文学・メディア,multi,multi,multi,media_communication,media,2,Human-reviewed exact raw-value membership; no runtime text inference.
0.3,文学・人文,single,single,single,humanities_culture_history,literature,1,Human-reviewed exact raw-value membership; no runtime text inference.
0.3,文学・文化,multi,single,multi,humanities_culture_history,literature,1,Human-reviewed exact raw-value membership; no runtime text inference.
0.3,文学・文化,multi,single,multi,humanities_culture_history,culture,2,Human-reviewed exact raw-value membership; no runtime text inference.
0.3,文学・日本語,multi,multi,multi,humanities_culture_history,literature,1,Human-reviewed exact raw-value mapping; no runtime text inference.
0.3,文学・日本語,multi,multi,multi,languages,japanese_language,2,Human-reviewed exact raw-value mapping; no runtime text inference.
0.3,文学・芸術,multi,multi,single,humanities_culture_history,literature,1,Human-reviewed exact raw-value membership; no runtime text inference.
0.3,文学・芸術,multi,multi,single,arts_design,,2,Human-reviewed exact raw-value membership; no runtime text inference.
0.3,文学・英語,multi,multi,multi,humanities_culture_history,literature,1,Human-reviewed exact raw-value mapping; no runtime text inference.
0.3,文学・英語,multi,multi,multi,languages,english,2,Human-reviewed exact raw-value mapping; no runtime text inference.
0.3,文学・語学,multi,multi,single,humanities_culture_history,literature,1,Human-reviewed exact raw-value membership; no runtime text inference.
0.3,文学・語学,multi,multi,single,languages,,2,Human-reviewed exact raw-value membership; no runtime text inference.
0.3,文理融合,single,single,not_applicable,interdisciplinary,,1,Human-reviewed exact raw-value mapping; no runtime text inference.
0.3,文理融合・理工,multi,multi,not_applicable,natural_sciences,,1,Human-reviewed exact raw-value membership; no runtime text inference.
0.3,文理融合・理工,multi,multi,not_applicable,engineering,,2,Human-reviewed exact raw-value membership; no runtime text inference.
0.3,文理融合・理工,multi,multi,not_applicable,interdisciplinary,,3,Human-reviewed exact raw-value membership; no runtime text inference.
0.3,日本文学,single,single,single,humanities_culture_history,literature,1,Human-reviewed exact raw-value mapping; no runtime text inference.
0.3,未来工学・データサイエンス,multi,multi,single,engineering,,1,Human-reviewed exact raw-value mapping; no runtime text inference.
0.3,未来工学・データサイエンス,multi,multi,single,information,data_science_statistics,2,Human-reviewed exact raw-value mapping; no runtime text inference.
0.3,材料,single,single,single,engineering,materials,1,Human-reviewed exact raw-value mapping; no runtime text inference.
0.3,材料・化学,multi,multi,multi,natural_sciences,chemistry,1,Human-reviewed exact raw-value mapping; no runtime text inference.
0.3,材料・化学,multi,multi,multi,engineering,materials,2,Human-reviewed exact raw-value mapping; no runtime text inference.
0.3,材料・半導体,multi,single,multi,engineering,electrical_electronic,1,Human-reviewed exact raw-value mapping; no runtime text inference.
0.3,材料・半導体,multi,single,multi,engineering,materials,2,Human-reviewed exact raw-value mapping; no runtime text inference.
0.3,栄養,single,single,single,food_nutrition,nutrition,1,Human-reviewed exact raw-value mapping; no runtime text inference.
0.3,栄養・健康科学,multi,multi,single,food_nutrition,nutrition,1,Human-reviewed exact raw-value mapping; no runtime text inference.
0.3,栄養・健康科学,multi,multi,single,nursing_health,,2,Human-reviewed exact raw-value mapping; no runtime text inference.
0.3,栄養・医療,multi,multi,single,food_nutrition,nutrition,1,Human-reviewed exact raw-value mapping; no runtime text inference.
0.3,栄養・医療,multi,multi,single,nursing_health,,2,Human-reviewed exact raw-value mapping; no runtime text inference.
0.3,栄養・食品,multi,single,multi,food_nutrition,nutrition,1,Human-reviewed exact raw-value mapping; no runtime text inference.
0.3,栄養・食品,multi,single,multi,food_nutrition,food_science,2,Human-reviewed exact raw-value mapping; no runtime text inference.
0.3,栄養科学,single,single,single,food_nutrition,nutrition,1,Human-reviewed exact raw-value mapping; no runtime text inference.
0.3,森林・環境,multi,multi,multi,environment,ecology_forestry,1,Human-reviewed exact raw-value mapping; no runtime text inference.
0.3,森林・環境,multi,multi,multi,agriculture_fisheries,forestry_resources,2,Human-reviewed exact raw-value mapping; no runtime text inference.
0.3,森林科学,single,single,single,agriculture_fisheries,forestry_resources,1,Human-reviewed exact raw-value mapping; no runtime text inference.
0.3,機械,single,single,single,engineering,mechanical,1,Human-reviewed exact raw-value mapping; no runtime text inference.
0.3,機械・ロボティクス,multi,single,multi,engineering,mechanical,1,Human-reviewed exact raw-value mapping; no runtime text inference.
0.3,機械・ロボティクス,multi,single,multi,engineering,robotics_control,2,Human-reviewed exact raw-value mapping; no runtime text inference.
0.3,機械工学,single,single,single,engineering,mechanical,1,Human-reviewed exact raw-value mapping; no runtime text inference.
0.3,機械工学・ものづくり,single,single,single,engineering,mechanical,1,Human-reviewed exact raw-value mapping; no runtime text inference.
0.3,歯学,single,single,not_applicable,dentistry,,1,Human-reviewed exact raw-value mapping; no runtime text inference.
0.3,歯学・福祉,multi,multi,not_applicable,dentistry,,1,Human-reviewed exact raw-value mapping; no runtime text inference.
0.3,歯学・福祉,multi,multi,not_applicable,welfare,,2,Human-reviewed exact raw-value mapping; no runtime text inference.
0.3,歯科衛生,multi,multi,not_applicable,dentistry,,1,Human-reviewed exact raw-value mapping; no runtime text inference.
0.3,歯科衛生,multi,multi,not_applicable,nursing_health,,2,Human-reviewed exact raw-value mapping; no runtime text inference.
0.3,歴史・地理,single,single,single,humanities_culture_history,history_folklore,1,Human-reviewed exact raw-value membership; no runtime text inference.
0.3,歴史・民俗,single,single,single,humanities_culture_history,history_folklore,1,Human-reviewed exact raw-value mapping; no runtime text inference.
0.3,水産,single,single,single,agriculture_fisheries,fisheries_marine,1,Human-reviewed exact raw-value mapping; no runtime text inference.
0.3,法,single,single,single,law_politics_policy,law,1,Human-reviewed exact raw-value mapping; no runtime text inference.
0.3,法・国際,multi,multi,multi,law_politics_policy,law,1,Human-reviewed exact raw-value membership; no runtime text inference.
0.3,法・国際,multi,multi,multi,international_regional,international_studies,2,Human-reviewed exact raw-value membership; no runtime text inference.
0.3,法・政治,multi,single,multi,law_politics_policy,law,1,Human-reviewed exact raw-value membership; no runtime text inference.
0.3,法・政治,multi,single,multi,law_politics_policy,politics,2,Human-reviewed exact raw-value membership; no runtime text inference.
0.3,法・環境,multi,multi,single,law_politics_policy,law,1,Human-reviewed exact raw-value membership; no runtime text inference.
0.3,法・環境,multi,multi,single,environment,,2,Human-reviewed exact raw-value membership; no runtime text inference.
0.3,法・行政,multi,single,multi,law_politics_policy,law,1,Human-reviewed exact raw-value mapping; no runtime text inference.
0.3,法・行政,multi,single,multi,law_politics_policy,public_policy_administration,2,Human-reviewed exact raw-value mapping; no runtime text inference.
0.3,法学,single,single,single,law_politics_policy,law,1,Human-reviewed exact raw-value mapping; no runtime text inference.
0.3,海洋・学際,multi,multi,single,agriculture_fisheries,fisheries_marine,1,Human-reviewed exact raw-value mapping; no runtime text inference.
0.3,海洋・学際,multi,multi,single,interdisciplinary,,2,Human-reviewed exact raw-value mapping; no runtime text inference.
0.3,海洋・工学,multi,multi,single,engineering,,1,Human-reviewed exact raw-value mapping; no runtime text inference.
0.3,海洋・工学,multi,multi,single,agriculture_fisheries,fisheries_marine,2,Human-reviewed exact raw-value mapping; no runtime text inference.
0.3,海洋・機械電気,multi,multi,multi,engineering,mechanical,1,Human-reviewed exact raw-value mapping; no runtime text inference.
0.3,海洋・機械電気,multi,multi,multi,engineering,electrical_electronic,2,Human-reviewed exact raw-value mapping; no runtime text inference.
0.3,海洋・機械電気,multi,multi,multi,agriculture_fisheries,fisheries_marine,3,Human-reviewed exact raw-value mapping; no runtime text inference.
0.3,海洋・水産,single,single,single,agriculture_fisheries,fisheries_marine,1,Human-reviewed exact raw-value mapping; no runtime text inference.
0.3,海洋・環境,multi,multi,single,natural_sciences,,1,Human-reviewed exact raw-value mapping; no runtime text inference.
0.3,海洋・環境,multi,multi,single,environment,,2,Human-reviewed exact raw-value mapping; no runtime text inference.
0.3,海洋・環境,multi,multi,single,agriculture_fisheries,fisheries_marine,3,Human-reviewed exact raw-value mapping; no runtime text inference.
0.3,海洋・生命,multi,multi,multi,agriculture_fisheries,fisheries_marine,1,Human-reviewed exact raw-value mapping; no runtime text inference.
0.3,海洋・生命,multi,multi,multi,life_sciences,biology_biotech,2,Human-reviewed exact raw-value mapping; no runtime text inference.
0.3,海洋工学,multi,multi,single,engineering,,1,Human-reviewed exact raw-value mapping; no runtime text inference.
0.3,海洋工学,multi,multi,single,agriculture_fisheries,fisheries_marine,2,Human-reviewed exact raw-value mapping; no runtime text inference.
0.3,海洋政策・社会,multi,multi,multi,law_politics_policy,public_policy_administration,1,Human-reviewed exact raw-value mapping; no runtime text inference.
0.3,海洋政策・社会,multi,multi,multi,sociology_community,sociology,2,Human-reviewed exact raw-value mapping; no runtime text inference.
0.3,海洋政策・社会,multi,multi,multi,agriculture_fisheries,fisheries_marine,3,Human-reviewed exact raw-value mapping; no runtime text inference.
0.3,海洋生命科学,multi,multi,multi,agriculture_fisheries,fisheries_marine,1,Human-reviewed exact raw-value mapping; no runtime text inference.
0.3,海洋生命科学,multi,multi,multi,life_sciences,biology_biotech,2,Human-reviewed exact raw-value mapping; no runtime text inference.
0.3,海洋生物,multi,multi,multi,agriculture_fisheries,fisheries_marine,1,Human-reviewed exact raw-value mapping; no runtime text inference.
0.3,海洋生物,multi,multi,multi,life_sciences,biology_biotech,2,Human-reviewed exact raw-value mapping; no runtime text inference.
0.3,海洋資源・エネルギー,multi,multi,multi,engineering,nuclear_energy,1,Human-reviewed exact raw-value mapping; no runtime text inference.
0.3,海洋資源・エネルギー,multi,multi,multi,environment,,2,Human-reviewed exact raw-value mapping; no runtime text inference.
0.3,海洋資源・エネルギー,multi,multi,multi,agriculture_fisheries,fisheries_marine,3,Human-reviewed exact raw-value mapping; no runtime text inference.
0.3,物流・情報,multi,multi,single,business_commerce,management,1,Human-reviewed exact raw-value mapping; no runtime text inference.
0.3,物流・情報,multi,multi,single,information,,2,Human-reviewed exact raw-value mapping; no runtime text inference.
0.3,物理,single,single,single,natural_sciences,physics,1,Human-reviewed exact raw-value mapping; no runtime text inference.
0.3,獣医,single,single,single,veterinary,veterinary_medicine,1,Human-reviewed exact raw-value mapping; no runtime text inference.
0.3,獣医保健看護,single,single,single,veterinary,veterinary_medicine,1,Human-reviewed exact raw-value mapping; no runtime text inference.
0.3,獣医学,single,single,single,veterinary,veterinary_medicine,1,Human-reviewed exact raw-value mapping; no runtime text inference.
0.3,理学,single,single,not_applicable,natural_sciences,,1,Human-reviewed exact raw-value mapping; no runtime text inference.
0.3,理学・化学,single,single,single,natural_sciences,chemistry,1,Human-reviewed exact raw-value mapping; no runtime text inference.
0.3,理学・化学・生命科学,multi,multi,multi,natural_sciences,chemistry,1,Human-reviewed exact raw-value mapping; no runtime text inference.
0.3,理学・化学・生命科学,multi,multi,multi,natural_sciences,biology,2,Human-reviewed exact raw-value mapping; no runtime text inference.
0.3,理学・化学・生命科学,multi,multi,multi,life_sciences,biology_biotech,3,Human-reviewed exact raw-value mapping; no runtime text inference.
0.3,理学・地球環境,multi,multi,single,natural_sciences,earth_space_science,1,Human-reviewed exact raw-value mapping; no runtime text inference.
0.3,理学・地球環境,multi,multi,single,environment,,2,Human-reviewed exact raw-value mapping; no runtime text inference.
0.3,理学・地球科学,multi,multi,single,natural_sciences,earth_space_science,1,Human-reviewed exact raw-value mapping; no runtime text inference.
0.3,理学・地球科学,multi,multi,single,environment,,2,Human-reviewed exact raw-value mapping; no runtime text inference.
0.3,理学・工学,multi,multi,not_applicable,natural_sciences,,1,Human-reviewed exact raw-value mapping; no runtime text inference.
0.3,理学・工学,multi,multi,not_applicable,engineering,,2,Human-reviewed exact raw-value mapping; no runtime text inference.
0.3,理学・情報・学際,multi,multi,not_applicable,natural_sciences,,1,Human-reviewed exact raw-value mapping; no runtime text inference.
0.3,理学・情報・学際,multi,multi,not_applicable,information,,2,Human-reviewed exact raw-value mapping; no runtime text inference.
0.3,理学・情報・学際,multi,multi,not_applicable,interdisciplinary,,3,Human-reviewed exact raw-value mapping; no runtime text inference.
0.3,理学・数学,single,single,single,natural_sciences,mathematics_statistics,1,Human-reviewed exact raw-value mapping; no runtime text inference.
0.3,理学・数学・教員養成,multi,multi,multi,education_childcare,teacher_education,1,Human-reviewed exact raw-value mapping; no runtime text inference.
0.3,理学・数学・教員養成,multi,multi,multi,natural_sciences,mathematics_statistics,2,Human-reviewed exact raw-value mapping; no runtime text inference.
0.3,理学・数学・物理,multi,single,multi,natural_sciences,mathematics_statistics,1,Human-reviewed exact raw-value mapping; no runtime text inference.
0.3,理学・数学・物理,multi,single,multi,natural_sciences,physics,2,Human-reviewed exact raw-value mapping; no runtime text inference.
0.3,理学・物理,single,single,single,natural_sciences,physics,1,Human-reviewed exact raw-value mapping; no runtime text inference.
0.3,理学・環境,multi,multi,not_applicable,natural_sciences,,1,Human-reviewed exact raw-value mapping; no runtime text inference.
0.3,理学・環境,multi,multi,not_applicable,environment,,2,Human-reviewed exact raw-value mapping; no runtime text inference.
0.3,理学・生命,multi,multi,multi,natural_sciences,biology,1,Human-reviewed exact raw-value mapping; no runtime text inference.
0.3,理学・生命,multi,multi,multi,life_sciences,biology_biotech,2,Human-reviewed exact raw-value mapping; no runtime text inference.
0.3,理学・生物,multi,multi,multi,natural_sciences,biology,1,Human-reviewed exact raw-value mapping; no runtime text inference.
0.3,理学・生物,multi,multi,multi,life_sciences,biology_biotech,2,Human-reviewed exact raw-value mapping; no runtime text inference.
0.3,理学・自然科学,single,single,not_applicable,natural_sciences,,1,Human-reviewed exact raw-value mapping; no runtime text inference.
0.3,理学療法,single,single,single,nursing_health,physical_therapy,1,Human-reviewed exact raw-value mapping; no runtime text inference.
0.3,理工,multi,multi,not_applicable,natural_sciences,,1,Human-reviewed exact raw-value mapping; no runtime text inference.
0.3,理工,multi,multi,not_applicable,engineering,,2,Human-reviewed exact raw-value mapping; no runtime text inference.
0.3,理工・情報,multi,multi,not_applicable,natural_sciences,,1,Human-reviewed exact raw-value mapping; no runtime text inference.
0.3,理工・情報,multi,multi,not_applicable,engineering,,2,Human-reviewed exact raw-value mapping; no runtime text inference.
0.3,理工・情報,multi,multi,not_applicable,information,,3,Human-reviewed exact raw-value mapping; no runtime text inference.
0.3,理工・情報・工学・化学,multi,multi,multi,natural_sciences,chemistry,1,Human-reviewed exact raw-value mapping; no runtime text inference.
0.3,理工・情報・工学・化学,multi,multi,multi,engineering,chemical_engineering,2,Human-reviewed exact raw-value mapping; no runtime text inference.
0.3,理工・情報・工学・化学,multi,multi,multi,information,,3,Human-reviewed exact raw-value mapping; no runtime text inference.
0.3,理工・機械・物理,multi,multi,multi,natural_sciences,physics,1,Human-reviewed exact raw-value mapping; no runtime text inference.
0.3,理工・機械・物理,multi,multi,multi,engineering,mechanical,2,Human-reviewed exact raw-value mapping; no runtime text inference.
0.3,理工・物質生命,multi,multi,multi,natural_sciences,biology,1,Human-reviewed exact raw-value mapping; no runtime text inference.
0.3,理工・物質生命,multi,multi,multi,engineering,materials,2,Human-reviewed exact raw-value mapping; no runtime text inference.
0.3,理工・物質生命,multi,multi,multi,life_sciences,biology_biotech,3,Human-reviewed exact raw-value mapping; no runtime text inference.
0.3,理工・生命,multi,multi,multi,natural_sciences,biology,1,Human-reviewed exact raw-value mapping; no runtime text inference.
0.3,理工・生命,multi,multi,multi,engineering,,2,Human-reviewed exact raw-value mapping; no runtime text inference.
0.3,理工・生命,multi,multi,multi,life_sciences,biology_biotech,3,Human-reviewed exact raw-value mapping; no runtime text inference.
0.3,環境,single,single,single,environment,environmental_science,1,Human-reviewed exact raw-value mapping; no runtime text inference.
0.3,環境・人間,single,single,not_applicable,environment,,1,Human-reviewed exact raw-value mapping; no runtime text inference.
0.3,環境・化学,multi,multi,single,natural_sciences,chemistry,1,Human-reviewed exact raw-value mapping; no runtime text inference.
0.3,環境・化学,multi,multi,single,environment,,2,Human-reviewed exact raw-value mapping; no runtime text inference.
0.3,環境・化学工学,multi,multi,single,natural_sciences,,1,Human-reviewed exact raw-value mapping; no runtime text inference.
0.3,環境・化学工学,multi,multi,single,engineering,chemical_engineering,2,Human-reviewed exact raw-value mapping; no runtime text inference.
0.3,環境・化学工学,multi,multi,single,environment,,3,Human-reviewed exact raw-value mapping; no runtime text inference.
0.3,環境・森林,multi,multi,multi,environment,ecology_forestry,1,Human-reviewed exact raw-value mapping; no runtime text inference.
0.3,環境・森林,multi,multi,multi,agriculture_fisheries,forestry_resources,2,Human-reviewed exact raw-value mapping; no runtime text inference.
0.3,環境・生命,multi,multi,single,environment,,1,Human-reviewed exact raw-value mapping; no runtime text inference.
0.3,環境・生命,multi,multi,single,life_sciences,biology_biotech,2,Human-reviewed exact raw-value mapping; no runtime text inference.
0.3,環境・生態,multi,multi,single,environment,ecology_forestry,1,Human-reviewed exact raw-value mapping; no runtime text inference.
0.3,環境・生態,multi,multi,single,life_sciences,,2,Human-reviewed exact raw-value mapping; no runtime text inference.
0.3,環境・社会,multi,multi,not_applicable,humanities_social_general,,1,Human-reviewed exact raw-value mapping; no runtime text inference.
0.3,環境・社会,multi,multi,not_applicable,environment,,2,Human-reviewed exact raw-value mapping; no runtime text inference.
0.3,環境・経営,multi,multi,single,business_commerce,management,1,Human-reviewed exact raw-value mapping; no runtime text inference.
0.3,環境・経営,multi,multi,single,environment,,2,Human-reviewed exact raw-value mapping; no runtime text inference.
0.3,環境・都市,multi,multi,single,engineering,,1,Human-reviewed exact raw-value mapping; no runtime text inference.
0.3,環境・都市,multi,multi,single,architecture_urban,urban_planning,2,Human-reviewed exact raw-value mapping; no runtime text inference.
0.3,環境・都市,multi,multi,single,environment,,3,Human-reviewed exact raw-value mapping; no runtime text inference.
0.3,環境工学・農業工学,multi,multi,multi,engineering,,1,Human-reviewed exact raw-value mapping; no runtime text inference.
0.3,環境工学・農業工学,multi,multi,multi,environment,environmental_engineering,2,Human-reviewed exact raw-value mapping; no runtime text inference.
0.3,環境工学・農業工学,multi,multi,multi,agriculture_fisheries,agriculture,3,Human-reviewed exact raw-value mapping; no runtime text inference.
0.3,環境科学,multi,multi,single,natural_sciences,,1,Human-reviewed exact raw-value mapping; no runtime text inference.
0.3,環境科学,multi,multi,single,environment,environmental_science,2,Human-reviewed exact raw-value mapping; no runtime text inference.
0.3,環境科学・文理融合,multi,multi,single,natural_sciences,,1,Human-reviewed exact raw-value mapping; no runtime text inference.
0.3,環境科学・文理融合,multi,multi,single,environment,environmental_science,2,Human-reviewed exact raw-value mapping; no runtime text inference.
0.3,環境科学・文理融合,multi,multi,single,interdisciplinary,,3,Human-reviewed exact raw-value mapping; no runtime text inference.
0.3,生体医用工学,single,single,single,engineering,biomedical_engineering,1,Human-reviewed exact raw-value mapping; no runtime text inference.
0.3,生命・化学,multi,multi,multi,natural_sciences,chemistry,1,Human-reviewed exact raw-value mapping; no runtime text inference.
0.3,生命・化学,multi,multi,multi,natural_sciences,biology,2,Human-reviewed exact raw-value mapping; no runtime text inference.
0.3,生命・化学,multi,multi,multi,life_sciences,biology_biotech,3,Human-reviewed exact raw-value mapping; no runtime text inference.
0.3,生命・環境,multi,multi,single,environment,,1,Human-reviewed exact raw-value mapping; no runtime text inference.
0.3,生命・環境,multi,multi,single,life_sciences,biology_biotech,2,Human-reviewed exact raw-value mapping; no runtime text inference.
0.3,生命・農学,multi,multi,multi,agriculture_fisheries,agriculture,1,Human-reviewed exact raw-value mapping; no runtime text inference.
0.3,生命・農学,multi,multi,multi,life_sciences,biology_biotech,2,Human-reviewed exact raw-value mapping; no runtime text inference.
0.3,生命工学,multi,multi,single,engineering,,1,Human-reviewed exact raw-value mapping; no runtime text inference.
0.3,生命工学,multi,multi,single,life_sciences,biotechnology,2,Human-reviewed exact raw-value mapping; no runtime text inference.
0.3,生命工学・電気電子,multi,multi,multi,engineering,electrical_electronic,1,Human-reviewed exact raw-value mapping; no runtime text inference.
0.3,生命工学・電気電子,multi,multi,multi,life_sciences,biotechnology,2,Human-reviewed exact raw-value mapping; no runtime text inference.
0.3,生命科学,single,single,single,life_sciences,biology_biotech,1,Human-reviewed exact raw-value mapping; no runtime text inference.
0.3,生命科学・バイオ,single,single,single,life_sciences,biology_biotech,1,Human-reviewed exact raw-value mapping; no runtime text inference.
0.3,生命科学・動物,multi,multi,multi,life_sciences,biology_biotech,1,Human-reviewed exact raw-value mapping; no runtime text inference.
0.3,生命科学・動物,multi,multi,multi,veterinary,animal_science,2,Human-reviewed exact raw-value mapping; no runtime text inference.
0.3,生命科学・化学,multi,multi,multi,natural_sciences,chemistry,1,Human-reviewed exact raw-value mapping; no runtime text inference.
0.3,生命科学・化学,multi,multi,multi,natural_sciences,biology,2,Human-reviewed exact raw-value mapping; no runtime text inference.
0.3,生命科学・化学,multi,multi,multi,life_sciences,biology_biotech,3,Human-reviewed exact raw-value mapping; no runtime text inference.
0.3,生命科学・医工学,multi,multi,multi,engineering,biomedical_engineering,1,Human-reviewed exact raw-value mapping; no runtime text inference.
0.3,生命科学・医工学,multi,multi,multi,life_sciences,biology_biotech,2,Human-reviewed exact raw-value mapping; no runtime text inference.
0.3,生命科学・医情報,multi,multi,single,information,,1,Human-reviewed exact raw-value mapping; no runtime text inference.
0.3,生命科学・医情報,multi,multi,single,life_sciences,medical_science,2,Human-reviewed exact raw-value mapping; no runtime text inference.
0.3,生命科学・医療,multi,multi,single,life_sciences,biology_biotech,1,Human-reviewed exact raw-value mapping; no runtime text inference.
0.3,生命科学・医療,multi,multi,single,nursing_health,,2,Human-reviewed exact raw-value mapping; no runtime text inference.
0.3,生命科学・医科学,single,single,single,life_sciences,medical_science,1,Human-reviewed exact raw-value mapping; no runtime text inference.
0.3,生命科学・微生物,single,single,single,life_sciences,microbiology_fermentation,1,Human-reviewed exact raw-value mapping; no runtime text inference.
0.3,生命科学・情報,multi,multi,single,information,,1,Human-reviewed exact raw-value mapping; no runtime text inference.
0.3,生命科学・情報,multi,multi,single,life_sciences,biology_biotech,2,Human-reviewed exact raw-value mapping; no runtime text inference.
0.3,生命科学・海洋,multi,multi,multi,agriculture_fisheries,fisheries_marine,1,Human-reviewed exact raw-value mapping; no runtime text inference.
0.3,生命科学・海洋,multi,multi,multi,life_sciences,biology_biotech,2,Human-reviewed exact raw-value mapping; no runtime text inference.
0.3,生命科学・環境,multi,multi,single,environment,,1,Human-reviewed exact raw-value mapping; no runtime text inference.
0.3,生命科学・環境,multi,multi,single,life_sciences,biology_biotech,2,Human-reviewed exact raw-value mapping; no runtime text inference.
0.3,生命科学・環境・化学,multi,multi,multi,natural_sciences,chemistry,1,Human-reviewed exact raw-value mapping; no runtime text inference.
0.3,生命科学・環境・化学,multi,multi,multi,natural_sciences,biology,2,Human-reviewed exact raw-value mapping; no runtime text inference.
0.3,生命科学・環境・化学,multi,multi,multi,environment,,3,Human-reviewed exact raw-value mapping; no runtime text inference.
0.3,生命科学・環境・化学,multi,multi,multi,life_sciences,biology_biotech,4,Human-reviewed exact raw-value mapping; no runtime text inference.
0.3,生命科学・生物,single,single,single,life_sciences,biology_biotech,1,Human-reviewed exact raw-value mapping; no runtime text inference.
0.3,生命科学・生物工学,multi,multi,single,engineering,,1,Human-reviewed exact raw-value mapping; no runtime text inference.
0.3,生命科学・生物工学,multi,multi,single,life_sciences,biotechnology,2,Human-reviewed exact raw-value mapping; no runtime text inference.
0.3,生命科学・生物資源,multi,multi,multi,agriculture_fisheries,agriculture,1,Human-reviewed exact raw-value mapping; no runtime text inference.
0.3,生命科学・生物資源,multi,multi,multi,life_sciences,biology_biotech,2,Human-reviewed exact raw-value mapping; no runtime text inference.
0.3,生命科学・薬学,multi,multi,single,life_sciences,biology_biotech,1,Human-reviewed exact raw-value mapping; no runtime text inference.
0.3,生命科学・薬学,multi,multi,single,pharmacy,,2,Human-reviewed exact raw-value mapping; no runtime text inference.
0.3,生活・デザイン,multi,multi,single,arts_design,design,1,Human-reviewed exact raw-value mapping; no runtime text inference.
0.3,生活・デザイン,multi,multi,single,home_lifestyle,,2,Human-reviewed exact raw-value mapping; no runtime text inference.
0.3,生活科学,single,single,not_applicable,home_lifestyle,,1,Human-reviewed exact raw-value mapping; no runtime text inference.
0.3,生物資源,multi,multi,multi,agriculture_fisheries,agriculture,1,Human-reviewed exact raw-value mapping; no runtime text inference.
0.3,生物資源,multi,multi,multi,life_sciences,biology_biotech,2,Human-reviewed exact raw-value mapping; no runtime text inference.
0.3,看護,single,single,single,nursing_health,nursing,1,Human-reviewed exact raw-value mapping; no runtime text inference.
0.3,看護・保健,single,single,single,nursing_health,nursing,1,Human-reviewed exact raw-value mapping; no runtime text inference.
0.3,看護・医療,single,single,single,nursing_health,nursing,1,Human-reviewed exact raw-value mapping; no runtime text inference.
0.3,看護・医療・情報,multi,multi,single,information,,1,Human-reviewed exact raw-value mapping; no runtime text inference.
0.3,看護・医療・情報,multi,multi,single,nursing_health,nursing,2,Human-reviewed exact raw-value mapping; no runtime text inference.
0.3,看護・養護教育,multi,multi,multi,education_childcare,teacher_education,1,Human-reviewed exact raw-value mapping; no runtime text inference.
0.3,看護・養護教育,multi,multi,multi,nursing_health,nursing,2,Human-reviewed exact raw-value mapping; no runtime text inference.
0.3,社会,single,single,not_applicable,humanities_social_general,,1,Human-reviewed exact raw-value mapping; no runtime text inference.
0.3,社会・データサイエンス,multi,multi,single,humanities_social_general,,1,Human-reviewed exact raw-value mapping; no runtime text inference.
0.3,社会・データサイエンス,multi,multi,single,information,data_science_statistics,2,Human-reviewed exact raw-value mapping; no runtime text inference.
0.3,社会・国際,multi,multi,single,international_regional,international_studies,1,Human-reviewed exact raw-value mapping; no runtime text inference.
0.3,社会・国際,multi,multi,single,humanities_social_general,,2,Human-reviewed exact raw-value mapping; no runtime text inference.
0.3,社会・地域,single,single,single,sociology_community,community_regional_society,1,Human-reviewed exact raw-value mapping; no runtime text inference.
0.3,社会・情報,multi,multi,not_applicable,humanities_social_general,,1,Human-reviewed exact raw-value mapping; no runtime text inference.
0.3,社会・情報,multi,multi,not_applicable,information,,2,Human-reviewed exact raw-value mapping; no runtime text inference.
0.3,社会学,single,single,single,sociology_community,sociology,1,Human-reviewed exact raw-value mapping; no runtime text inference.
0.3,社会科学,single,single,not_applicable,humanities_social_general,,1,Human-reviewed exact raw-value membership; no runtime text inference.
0.3,福祉,single,single,not_applicable,welfare,,1,Human-reviewed exact raw-value mapping; no runtime text inference.
0.3,福祉・地域,multi,multi,single,sociology_community,community_regional_society,1,Human-reviewed exact raw-value membership; no runtime text inference.
0.3,福祉・地域,multi,multi,single,welfare,,2,Human-reviewed exact raw-value membership; no runtime text inference.
0.3,福祉・教育,multi,multi,not_applicable,education_childcare,,1,Human-reviewed exact raw-value membership; no runtime text inference.
0.3,福祉・教育,multi,multi,not_applicable,welfare,,2,Human-reviewed exact raw-value membership; no runtime text inference.
0.3,科学コミュニケーション,single,single,not_applicable,interdisciplinary,,1,Human-reviewed exact raw-value mapping; no runtime text inference.
0.3,経営,single,single,single,business_commerce,management,1,Human-reviewed exact raw-value mapping; no runtime text inference.
0.3,経営・デザイン,multi,multi,multi,business_commerce,management,1,Human-reviewed exact raw-value mapping; no runtime text inference.
0.3,経営・デザイン,multi,multi,multi,arts_design,design,2,Human-reviewed exact raw-value mapping; no runtime text inference.
0.3,経営・デザイン科学,multi,multi,multi,business_commerce,management,1,Human-reviewed exact raw-value mapping; no runtime text inference.
0.3,経営・デザイン科学,multi,multi,multi,arts_design,design,2,Human-reviewed exact raw-value mapping; no runtime text inference.
0.3,経営・商学,multi,single,multi,business_commerce,management,1,Human-reviewed exact raw-value membership; no runtime text inference.
0.3,経営・商学,multi,single,multi,business_commerce,commerce,2,Human-reviewed exact raw-value membership; no runtime text inference.
0.3,経営・国際,multi,multi,multi,business_commerce,management,1,Human-reviewed exact raw-value mapping; no runtime text inference.
0.3,経営・国際,multi,multi,multi,international_regional,international_studies,2,Human-reviewed exact raw-value mapping; no runtime text inference.
0.3,経営・情報,multi,multi,single,business_commerce,management,1,Human-reviewed exact raw-value mapping; no runtime text inference.
0.3,経営・情報,multi,multi,single,information,,2,Human-reviewed exact raw-value mapping; no runtime text inference.
0.3,経営・経済,multi,multi,multi,economics,economics_general,1,Human-reviewed exact raw-value mapping; no runtime text inference.
0.3,経営・経済,multi,multi,multi,business_commerce,management,2,Human-reviewed exact raw-value mapping; no runtime text inference.
0.3,経営工学,single,single,not_applicable,engineering,,1,Human-reviewed exact raw-value mapping; no runtime text inference.
0.3,経済,single,single,single,economics,economics_general,1,Human-reviewed exact raw-value mapping; no runtime text inference.
0.3,経済・データ分析,multi,multi,multi,economics,economics_data,1,Human-reviewed exact raw-value mapping; no runtime text inference.
0.3,経済・データ分析,multi,multi,multi,information,data_science_statistics,2,Human-reviewed exact raw-value mapping; no runtime text inference.
0.3,経済・工学,review_required,review_required,review_required,,,,Raw-level ambiguity retained; resolve only through an approved exact context.
0.3,経済・経営,multi,multi,multi,economics,economics_general,1,Human-reviewed exact raw-value mapping; no runtime text inference.
0.3,経済・経営,multi,multi,multi,business_commerce,management,2,Human-reviewed exact raw-value mapping; no runtime text inference.
0.3,経済・経営・国際,multi,multi,multi,economics,economics_general,1,Human-reviewed exact raw-value mapping; no runtime text inference.
0.3,経済・経営・国際,multi,multi,multi,business_commerce,management,2,Human-reviewed exact raw-value mapping; no runtime text inference.
0.3,経済・経営・国際,multi,multi,multi,international_regional,international_studies,3,Human-reviewed exact raw-value mapping; no runtime text inference.
0.3,経済・経営・情報,multi,multi,multi,economics,economics_general,1,Human-reviewed exact raw-value mapping; no runtime text inference.
0.3,経済・経営・情報,multi,multi,multi,business_commerce,management,2,Human-reviewed exact raw-value mapping; no runtime text inference.
0.3,経済・経営・情報,multi,multi,multi,information,,3,Human-reviewed exact raw-value mapping; no runtime text inference.
0.3,経済学,single,single,single,economics,economics_general,1,Human-reviewed exact raw-value mapping; no runtime text inference.
0.3,総合,single,single,not_applicable,interdisciplinary,,1,Human-reviewed exact raw-value mapping; no runtime text inference.
0.3,美術,single,single,single,arts_design,fine_arts_crafts,1,Human-reviewed exact raw-value mapping; no runtime text inference.
0.3,美術・工芸,single,single,single,arts_design,fine_arts_crafts,1,Human-reviewed exact raw-value mapping; no runtime text inference.
0.3,臨床検査,single,single,single,nursing_health,clinical_laboratory,1,Human-reviewed exact raw-value mapping; no runtime text inference.
0.3,臨床検査・生命科学,multi,multi,multi,life_sciences,biology_biotech,1,Human-reviewed exact raw-value mapping; no runtime text inference.
0.3,臨床検査・生命科学,multi,multi,multi,nursing_health,clinical_laboratory,2,Human-reviewed exact raw-value mapping; no runtime text inference.
0.3,自然資源・経営,multi,multi,multi,business_commerce,management,1,Human-reviewed exact raw-value mapping; no runtime text inference.
0.3,自然資源・経営,multi,multi,multi,agriculture_fisheries,agriculture,2,Human-reviewed exact raw-value mapping; no runtime text inference.
0.3,航空マネジメント,multi,multi,single,business_commerce,management,1,Human-reviewed exact raw-value mapping; no runtime text inference.
0.3,航空マネジメント,multi,multi,single,tourism_hospitality,,2,Human-reviewed exact raw-value mapping; no runtime text inference.
0.3,航空・ドローン,single,single,not_applicable,engineering,,1,Human-reviewed exact raw-value mapping; no runtime text inference.
0.3,航空・パイロット,review_required,review_required,review_required,,,,"Pilot training is not safely equivalent to aerospace engineering, tourism, or management."
0.3,航空・マネジメント,multi,multi,single,business_commerce,management,1,Human-reviewed exact raw-value mapping; no runtime text inference.
0.3,航空・マネジメント,multi,multi,single,tourism_hospitality,,2,Human-reviewed exact raw-value mapping; no runtime text inference.
0.3,航空・宇宙,single,single,single,engineering,aerospace,1,Human-reviewed exact raw-value mapping; no runtime text inference.
0.3,航空・整備,single,single,not_applicable,engineering,,1,Human-reviewed exact raw-value mapping; no runtime text inference.
0.3,航空・機械工学,single,single,single,engineering,mechanical,1,Human-reviewed exact raw-value mapping; no runtime text inference.
0.3,航空工学・ドローン,single,single,single,engineering,aerospace,1,Human-reviewed exact raw-value mapping; no runtime text inference.
0.3,航空技術,single,single,not_applicable,engineering,,1,Human-reviewed exact raw-value mapping; no runtime text inference.
0.3,芸術,single,single,single,arts_design,fine_arts_crafts,1,Human-reviewed exact raw-value mapping; no runtime text inference.
0.3,芸術・スポーツ,multi,multi,single,arts_design,fine_arts_crafts,1,Human-reviewed exact raw-value mapping; no runtime text inference.
0.3,芸術・スポーツ,multi,multi,single,sports,,2,Human-reviewed exact raw-value mapping; no runtime text inference.
0.3,芸術・デザイン,single,single,single,arts_design,design,1,Human-reviewed exact raw-value mapping; no runtime text inference.
0.3,芸術・人文,multi,multi,single,humanities_culture_history,,1,Human-reviewed exact raw-value mapping; no runtime text inference.
0.3,芸術・人文,multi,multi,single,arts_design,fine_arts_crafts,2,Human-reviewed exact raw-value mapping; no runtime text inference.
0.3,芸術・体育,multi,multi,single,arts_design,fine_arts_crafts,1,Human-reviewed exact raw-value mapping; no runtime text inference.
0.3,芸術・体育,multi,multi,single,sports,,2,Human-reviewed exact raw-value mapping; no runtime text inference.
0.3,芸術・工学,multi,multi,single,engineering,,1,Human-reviewed exact raw-value mapping; no runtime text inference.
0.3,芸術・工学,multi,multi,single,arts_design,fine_arts_crafts,2,Human-reviewed exact raw-value mapping; no runtime text inference.
0.3,芸術・工芸,single,single,single,arts_design,fine_arts_crafts,1,Human-reviewed exact raw-value mapping; no runtime text inference.
0.3,芸術・文化,multi,multi,multi,humanities_culture_history,culture,1,Human-reviewed exact raw-value mapping; no runtime text inference.
0.3,芸術・文化,multi,multi,multi,arts_design,fine_arts_crafts,2,Human-reviewed exact raw-value mapping; no runtime text inference.
0.3,芸術学,single,single,single,arts_design,fine_arts_crafts,1,Human-reviewed exact raw-value mapping; no runtime text inference.
0.3,芸術文化・観光,multi,multi,multi,humanities_culture_history,culture,1,Human-reviewed exact raw-value mapping; no runtime text inference.
0.3,芸術文化・観光,multi,multi,multi,arts_design,fine_arts_crafts,2,Human-reviewed exact raw-value mapping; no runtime text inference.
0.3,芸術文化・観光,multi,multi,multi,tourism_hospitality,,3,Human-reviewed exact raw-value mapping; no runtime text inference.
0.3,薬学,single,single,not_applicable,pharmacy,,1,Human-reviewed exact raw-value mapping; no runtime text inference.
0.3,薬学・創薬科学,multi,multi,single,life_sciences,,1,Human-reviewed exact raw-value mapping; no runtime text inference.
0.3,薬学・創薬科学,multi,multi,single,pharmacy,pharmaceutical_science_drug_discovery,2,Human-reviewed exact raw-value mapping; no runtime text inference.
0.3,薬学（6年制）,single,single,single,pharmacy,pharmacy_six_year,1,Human-reviewed exact raw-value mapping; no runtime text inference.
0.3,薬科学,multi,multi,single,life_sciences,,1,Human-reviewed exact raw-value mapping; no runtime text inference.
0.3,薬科学,multi,multi,single,pharmacy,pharmaceutical_science_drug_discovery,2,Human-reviewed exact raw-value mapping; no runtime text inference.
0.3,薬科学・創薬,multi,multi,single,life_sciences,,1,Human-reviewed exact raw-value mapping; no runtime text inference.
0.3,薬科学・創薬,multi,multi,single,pharmacy,pharmaceutical_science_drug_discovery,2,Human-reviewed exact raw-value mapping; no runtime text inference.
0.3,薬科学（4年制）,multi,multi,single,life_sciences,,1,Human-reviewed exact raw-value mapping; no runtime text inference.
0.3,薬科学（4年制）,multi,multi,single,pharmacy,pharmaceutical_science_drug_discovery,2,Human-reviewed exact raw-value mapping; no runtime text inference.
0.3,視機能療法,single,single,single,nursing_health,radiological_technology,1,Human-reviewed exact raw-value mapping; no runtime text inference.
0.3,観光,single,single,not_applicable,tourism_hospitality,,1,Human-reviewed exact raw-value mapping; no runtime text inference.
0.3,観光・国際,multi,multi,single,international_regional,international_studies,1,Human-reviewed exact raw-value mapping; no runtime text inference.
0.3,観光・国際,multi,multi,single,tourism_hospitality,,2,Human-reviewed exact raw-value mapping; no runtime text inference.
0.3,言語聴覚,single,single,single,nursing_health,speech_hearing,1,Human-reviewed exact raw-value mapping; no runtime text inference.
0.3,診療放射線・医療情報,multi,multi,single,information,,1,Human-reviewed exact raw-value mapping; no runtime text inference.
0.3,診療放射線・医療情報,multi,multi,single,nursing_health,radiological_technology,2,Human-reviewed exact raw-value mapping; no runtime text inference.
0.3,認知・情報科学,multi,multi,single,psychology,cognitive_behavioral,1,Human-reviewed exact raw-value mapping; no runtime text inference.
0.3,認知・情報科学,multi,multi,single,information,,2,Human-reviewed exact raw-value mapping; no runtime text inference.
0.3,資源・地球科学,multi,multi,single,natural_sciences,earth_space_science,1,Human-reviewed exact raw-value mapping; no runtime text inference.
0.3,資源・地球科学,multi,multi,single,environment,,2,Human-reviewed exact raw-value mapping; no runtime text inference.
0.3,農学,single,single,single,agriculture_fisheries,agriculture,1,Human-reviewed exact raw-value mapping; no runtime text inference.
0.3,農学・デザイン,multi,multi,multi,agriculture_fisheries,agriculture,1,Human-reviewed exact raw-value mapping; no runtime text inference.
0.3,農学・デザイン,multi,multi,multi,arts_design,design,2,Human-reviewed exact raw-value mapping; no runtime text inference.
0.3,農学・国際共生,multi,multi,multi,international_regional,international_studies,1,Human-reviewed exact raw-value mapping; no runtime text inference.
0.3,農学・国際共生,multi,multi,multi,agriculture_fisheries,agriculture,2,Human-reviewed exact raw-value mapping; no runtime text inference.
0.3,農学・地域,multi,multi,multi,sociology_community,community_regional_society,1,Human-reviewed exact raw-value mapping; no runtime text inference.
0.3,農学・地域,multi,multi,multi,agriculture_fisheries,agriculture,2,Human-reviewed exact raw-value mapping; no runtime text inference.
0.3,農学・地域資源,multi,multi,multi,sociology_community,community_regional_society,1,Human-reviewed exact raw-value mapping; no runtime text inference.
0.3,農学・地域資源,multi,multi,multi,agriculture_fisheries,agriculture,2,Human-reviewed exact raw-value mapping; no runtime text inference.
0.3,農学・工学,multi,multi,single,engineering,,1,Human-reviewed exact raw-value mapping; no runtime text inference.
0.3,農学・工学,multi,multi,single,agriculture_fisheries,agriculture,2,Human-reviewed exact raw-value mapping; no runtime text inference.
0.3,農学・情報,multi,multi,single,information,,1,Human-reviewed exact raw-value mapping; no runtime text inference.
0.3,農学・情報,multi,multi,single,agriculture_fisheries,agriculture,2,Human-reviewed exact raw-value mapping; no runtime text inference.
0.3,農学・理科教育,multi,multi,multi,education_childcare,science_math_education,1,Human-reviewed exact raw-value mapping; no runtime text inference.
0.3,農学・理科教育,multi,multi,multi,natural_sciences,,2,Human-reviewed exact raw-value mapping; no runtime text inference.
0.3,農学・理科教育,multi,multi,multi,agriculture_fisheries,agriculture,3,Human-reviewed exact raw-value mapping; no runtime text inference.
0.3,農学・環境,multi,multi,single,environment,,1,Human-reviewed exact raw-value mapping; no runtime text inference.
0.3,農学・環境,multi,multi,single,agriculture_fisheries,agriculture,2,Human-reviewed exact raw-value mapping; no runtime text inference.
0.3,農学・生命,multi,multi,multi,agriculture_fisheries,agriculture,1,Human-reviewed exact raw-value mapping; no runtime text inference.
0.3,農学・生命,multi,multi,multi,life_sciences,biology_biotech,2,Human-reviewed exact raw-value mapping; no runtime text inference.
0.3,農学・生命科学,multi,multi,multi,agriculture_fisheries,agriculture,1,Human-reviewed exact raw-value mapping; no runtime text inference.
0.3,農学・生命科学,multi,multi,multi,life_sciences,biology_biotech,2,Human-reviewed exact raw-value mapping; no runtime text inference.
0.3,農学・社会,multi,multi,single,humanities_social_general,,1,Human-reviewed exact raw-value mapping; no runtime text inference.
0.3,農学・社会,multi,multi,single,agriculture_fisheries,agriculture,2,Human-reviewed exact raw-value mapping; no runtime text inference.
0.3,農学・食,multi,multi,single,agriculture_fisheries,agriculture,1,Human-reviewed exact raw-value mapping; no runtime text inference.
0.3,農学・食,multi,multi,single,life_sciences,,2,Human-reviewed exact raw-value mapping; no runtime text inference.
0.3,農学・食品,multi,multi,multi,agriculture_fisheries,agriculture,1,Human-reviewed exact raw-value mapping; no runtime text inference.
0.3,農学・食品,multi,multi,multi,food_nutrition,food_science,2,Human-reviewed exact raw-value mapping; no runtime text inference.
0.3,農獣医,multi,multi,multi,agriculture_fisheries,agriculture,1,Human-reviewed exact raw-value mapping; no runtime text inference.
0.3,農獣医,multi,multi,multi,veterinary,veterinary_medicine,2,Human-reviewed exact raw-value mapping; no runtime text inference.
0.3,農芸化学,multi,multi,multi,natural_sciences,chemistry,1,Human-reviewed exact raw-value mapping; no runtime text inference.
0.3,農芸化学,multi,multi,multi,agriculture_fisheries,agriculture,2,Human-reviewed exact raw-value mapping; no runtime text inference.
0.3,農芸化学,multi,multi,multi,life_sciences,biology_biotech,3,Human-reviewed exact raw-value mapping; no runtime text inference.
0.3,造園・環境,multi,multi,multi,environment,ecology_forestry,1,Human-reviewed exact raw-value mapping; no runtime text inference.
0.3,造園・環境,multi,multi,multi,agriculture_fisheries,forestry_resources,2,Human-reviewed exact raw-value mapping; no runtime text inference.
0.3,造園・環境,multi,multi,multi,arts_design,design,3,Human-reviewed exact raw-value mapping; no runtime text inference.
0.3,都市・環境工学,multi,multi,multi,engineering,,1,Human-reviewed exact raw-value mapping; no runtime text inference.
0.3,都市・環境工学,multi,multi,multi,architecture_urban,urban_planning,2,Human-reviewed exact raw-value mapping; no runtime text inference.
0.3,都市・環境工学,multi,multi,multi,environment,environmental_engineering,3,Human-reviewed exact raw-value mapping; no runtime text inference.
0.3,都市・社会,multi,multi,multi,sociology_community,community_regional_society,1,Human-reviewed exact raw-value mapping; no runtime text inference.
0.3,都市・社会,multi,multi,multi,architecture_urban,urban_planning,2,Human-reviewed exact raw-value mapping; no runtime text inference.
0.3,都市・経営,multi,multi,multi,business_commerce,management,1,Human-reviewed exact raw-value mapping; no runtime text inference.
0.3,都市・経営,multi,multi,multi,architecture_urban,urban_planning,2,Human-reviewed exact raw-value mapping; no runtime text inference.
0.3,醸造・発酵,multi,multi,multi,life_sciences,microbiology_fermentation,1,Human-reviewed exact raw-value mapping; no runtime text inference.
0.3,醸造・発酵,multi,multi,multi,food_nutrition,fermentation_brewing,2,Human-reviewed exact raw-value mapping; no runtime text inference.
0.3,電子・情報,multi,multi,single,engineering,electrical_electronic,1,Human-reviewed exact raw-value mapping; no runtime text inference.
0.3,電子・情報,multi,multi,single,information,,2,Human-reviewed exact raw-value mapping; no runtime text inference.
0.3,電子工学,single,single,single,engineering,electrical_electronic,1,Human-reviewed exact raw-value mapping; no runtime text inference.
0.3,電気・電子,single,single,single,engineering,electrical_electronic,1,Human-reviewed exact raw-value mapping; no runtime text inference.
0.3,電気・電子・情報,multi,multi,single,engineering,electrical_electronic,1,Human-reviewed exact raw-value mapping; no runtime text inference.
0.3,電気・電子・情報,multi,multi,single,information,,2,Human-reviewed exact raw-value mapping; no runtime text inference.
0.3,電気・電子工学,single,single,single,engineering,electrical_electronic,1,Human-reviewed exact raw-value mapping; no runtime text inference.
0.3,電気工学,single,single,single,engineering,electrical_electronic,1,Human-reviewed exact raw-value mapping; no runtime text inference.
0.3,電気電子,single,single,single,engineering,electrical_electronic,1,Human-reviewed exact raw-value mapping; no runtime text inference.
0.3,電気電子・情報,multi,multi,single,engineering,electrical_electronic,1,Human-reviewed exact raw-value mapping; no runtime text inference.
0.3,電気電子・情報,multi,multi,single,information,,2,Human-reviewed exact raw-value mapping; no runtime text inference.
0.3,電気電子・情報工学,multi,multi,single,engineering,electrical_electronic,1,Human-reviewed exact raw-value mapping; no runtime text inference.
0.3,電気電子・情報工学,multi,multi,single,information,,2,Human-reviewed exact raw-value mapping; no runtime text inference.
0.3,電気電子・情報通信,multi,multi,multi,engineering,electrical_electronic,1,Human-reviewed exact raw-value mapping; no runtime text inference.
0.3,電気電子・情報通信,multi,multi,multi,information,networks_communications,2,Human-reviewed exact raw-value mapping; no runtime text inference.
0.3,電気電子・材料,multi,single,multi,engineering,electrical_electronic,1,Human-reviewed exact raw-value mapping; no runtime text inference.
0.3,電気電子・材料,multi,single,multi,engineering,materials,2,Human-reviewed exact raw-value mapping; no runtime text inference.
0.3,電気電子工学,single,single,single,engineering,electrical_electronic,1,Human-reviewed exact raw-value mapping; no runtime text inference.
0.3,音楽,single,single,single,arts_design,music,1,Human-reviewed exact raw-value mapping; no runtime text inference.
0.3,音楽・芸術,single,single,single,arts_design,music,1,Human-reviewed exact raw-value mapping; no runtime text inference.
0.3,食・データサイエンス,multi,multi,multi,information,data_science_statistics,1,Human-reviewed exact raw-value mapping; no runtime text inference.
0.3,食・データサイエンス,multi,multi,multi,food_nutrition,food_science,2,Human-reviewed exact raw-value mapping; no runtime text inference.
0.3,食・生命科学,multi,multi,multi,life_sciences,biology_biotech,1,Human-reviewed exact raw-value mapping; no runtime text inference.
0.3,食・生命科学,multi,multi,multi,food_nutrition,food_science,2,Human-reviewed exact raw-value mapping; no runtime text inference.
0.3,食品・健康,multi,multi,single,food_nutrition,food_science,1,Human-reviewed exact raw-value mapping; no runtime text inference.
0.3,食品・健康,multi,multi,single,nursing_health,,2,Human-reviewed exact raw-value mapping; no runtime text inference.
0.3,食品・栄養・生命,multi,multi,multi,life_sciences,biology_biotech,1,Human-reviewed exact raw-value mapping; no runtime text inference.
0.3,食品・栄養・生命,multi,multi,multi,food_nutrition,nutrition,2,Human-reviewed exact raw-value mapping; no runtime text inference.
0.3,食品・栄養・生命,multi,multi,multi,food_nutrition,food_science,3,Human-reviewed exact raw-value mapping; no runtime text inference.
0.3,食品・生命,multi,multi,multi,life_sciences,biology_biotech,1,Human-reviewed exact raw-value mapping; no runtime text inference.
0.3,食品・生命,multi,multi,multi,food_nutrition,food_science,2,Human-reviewed exact raw-value mapping; no runtime text inference.
0.3,食品・生命科学,multi,multi,multi,life_sciences,biology_biotech,1,Human-reviewed exact raw-value mapping; no runtime text inference.
0.3,食品・生命科学,multi,multi,multi,food_nutrition,food_science,2,Human-reviewed exact raw-value mapping; no runtime text inference.
0.3,食品・経営,multi,multi,multi,business_commerce,management,1,Human-reviewed exact raw-value mapping; no runtime text inference.
0.3,食品・経営,multi,multi,multi,food_nutrition,food_science,2,Human-reviewed exact raw-value mapping; no runtime text inference.
0.3,食品・農業経済,multi,multi,multi,economics,economics_general,1,Human-reviewed exact raw-value mapping; no runtime text inference.
0.3,食品・農業経済,multi,multi,multi,agriculture_fisheries,agriculture,2,Human-reviewed exact raw-value mapping; no runtime text inference.
0.3,食品・農業経済,multi,multi,multi,agriculture_fisheries,agricultural_economics_business,3,Human-reviewed exact raw-value mapping; no runtime text inference.
0.3,食品・農業経済,multi,multi,multi,food_nutrition,food_science,4,Human-reviewed exact raw-value mapping; no runtime text inference.
0.3,食品・香粧・化学,multi,multi,multi,natural_sciences,chemistry,1,Human-reviewed exact raw-value mapping; no runtime text inference.
0.3,食品・香粧・化学,multi,multi,multi,food_nutrition,food_science,2,Human-reviewed exact raw-value mapping; no runtime text inference.
0.3,食品科学,single,single,single,food_nutrition,food_science,1,Human-reviewed exact raw-value mapping; no runtime text inference.
0.3,食料・環境政策,multi,multi,multi,law_politics_policy,public_policy_administration,1,Human-reviewed exact raw-value mapping; no runtime text inference.
0.3,食料・環境政策,multi,multi,multi,environment,,2,Human-reviewed exact raw-value mapping; no runtime text inference.
0.3,食料・環境政策,multi,multi,multi,agriculture_fisheries,,3,Human-reviewed exact raw-value mapping; no runtime text inference.
0.3,食料・環境政策,multi,multi,multi,food_nutrition,food_science,4,Human-reviewed exact raw-value mapping; no runtime text inference.
0.3,食料・環境経済,multi,multi,multi,economics,economics_general,1,Human-reviewed exact raw-value mapping; no runtime text inference.
0.3,食料・環境経済,multi,multi,multi,environment,,2,Human-reviewed exact raw-value mapping; no runtime text inference.
0.3,食料・環境経済,multi,multi,multi,agriculture_fisheries,agricultural_economics_business,3,Human-reviewed exact raw-value mapping; no runtime text inference.
0.3,食料・環境経済,multi,multi,multi,food_nutrition,food_science,4,Human-reviewed exact raw-value mapping; no runtime text inference.
0.3,食料・農業政策,multi,multi,multi,law_politics_policy,public_policy_administration,1,Human-reviewed exact raw-value mapping; no runtime text inference.
0.3,食料・農業政策,multi,multi,multi,agriculture_fisheries,agriculture,2,Human-reviewed exact raw-value mapping; no runtime text inference.
0.3,食料・農業政策,multi,multi,multi,agriculture_fisheries,agricultural_economics_business,3,Human-reviewed exact raw-value mapping; no runtime text inference.
0.3,食料・農業政策,multi,multi,multi,food_nutrition,food_science,4,Human-reviewed exact raw-value mapping; no runtime text inference.
0.3,高度情報科学,single,single,single,information,computer_science,1,Human-reviewed exact raw-value mapping; no runtime text inference.
